feature	metadata	value	coef	stderr	N	N.not.0	pval	qval
DNA_Peduoviridae_6682	Condition	Unmanip	-0.406019994054745	0.0652663263123183	26	26	2.91934971604201e-06	0.0008240476363507
DNA_Peduoviridae_10920	Condition	Unmanip	-0.55389580186078	0.0919599490557849	26	26	4.61651336891148e-06	0.0008240476363507
DNA_Peduoviridae_2089	Condition	Unmanip	-0.597129095006257	0.106988147035043	26	26	1.30577330887934e-05	0.00155387023756641
DNA_Peduoviridae_2941	Condition	Unmanip	-0.401933614629817	0.0740504350225431	26	26	1.88190149475212e-05	0.00167959708406627
DNA_Peduoviridae_548	Condition	Unmanip	-0.61521350376465	0.118344964488575	26	26	3.26234513460975e-05	0.00232931442611136
DNA_Family_unknown_1595	Condition	Unmanip	-0.539284093376333	0.107983947259119	26	26	5.34404788908739e-05	0.003179708494007
DNA_Peduoviridae_7928	Condition	Unmanip	-1.24199899247363	0.251905674018025	26	23	6.23619677009095e-05	0.00318046035274638
DNA_Peduoviridae_6682	Condition	HMM	-0.303807496828292	0.0628922057139823	26	26	7.94639153070868e-05	0.00354607722057875
DNA_Peduoviridae_1703	Condition	Unmanip	1.19372080492195	0.252333093428944	26	19	0.000101321109593077	0.00384504935534809
DNA_Peduoviridae_1703	Condition	HM	1.13468876277604	0.243154252997742	26	19	0.000118474910108765	0.00384504935534809
DNA_Autographiviridae_3866	Condition	Unmanip	-1.27968152808736	0.272944318122379	26	14	0.000112318366792441	0.00384504935534809
DNA_Family_unknown_10326	Condition	Unmanip	-0.534258572324984	0.116436491101728	26	26	0.000143343034758874	0.00411833568605722
DNA_Peduoviridae_2180	Condition	HMM	1.3125255062917	0.289132012976444	26	18	0.000161503360237538	0.00411833568605722
DNA_Podoviridae_8103	Condition	Unmanip	1.45004871936143	0.317723997251489	26	8	0.000152192848487658	0.00411833568605722
DNA_Siphoviridae_6819	Condition	Unmanip	0.957756012912865	0.218088301315737	26	4	0.000231799784912753	0.00551683488092351
DNA_Peduoviridae_4319	Condition	HMM	1.18623901217677	0.275458696038192	26	19	0.000285440644401044	0.00566123944728738
DNA_Casadabanvirus_like_5387	Condition	Unmanip	1.04634213007119	0.242018944237958	26	4	0.000273841541374479	0.00566123944728738
DNA_Siphoviridae_3769	Condition	Unmanip	-0.49584559839287	0.113897819776196	26	26	0.000254462068202638	0.00566123944728738
DNA_Peduoviridae_2180	Condition	HM	1.20942384943147	0.289132012976444	26	18	0.000385946310244983	0.00725172803986626
DNA_Peduoviridae_643	Condition	HMM	1.28745602317559	0.310457873713185	26	17	0.000421403183356713	0.00752204682291733
DNA_Peduoviridae_6682	Condition	HM	-0.258104434123931	0.0628922057139823	26	26	0.000468095005717287	0.00795761509719389
DNA_Peduoviridae_2941	Condition	HMM	-0.289442531591798	0.0713567846665926	26	26	0.000525808193731722	0.00853243296191931
DNA_Peduoviridae_4097	Condition	Unmanip	-0.352746133516745	0.088136165349257	26	26	0.00059979264088293	0.00930982490413938
DNA_Peduoviridae_1239	Condition	HMM	-0.273438229071565	0.0687784951992811	26	26	0.000640040089639621	0.00952059633338936
DNA_Peduoviridae_974	Condition	Unmanip	-0.356599417769507	0.0914416651882962	26	26	0.000769924072204611	0.0109945157510818
DNA_Peduoviridae_1239	Condition	HM	-0.26200642671977	0.0687784951992811	26	26	0.000958903290931629	0.0126788324023182
DNA_Siphoviridae_715	Condition	Unmanip	-0.368330873657021	0.0964599554486116	26	26	0.000938040772200127	0.0126788324023182
DNA_Zobellviridae_5911	Condition	Unmanip	-0.620117375923431	0.165683978926945	26	26	0.00112711552163689	0.012815708941888
DNA_Peduoviridae_1222	Condition	Unmanip	-0.349658067041864	0.0939381572777879	26	26	0.0011846453643762	0.012815708941888
DNA_Schitoviridae_4748	Condition	Unmanip	-0.60464876180342	0.161025029788953	26	25	0.00109421521353007	0.012815708941888
DNA_Peduoviridae_1558	Condition	Unmanip	-0.902478016460676	0.241759892044518	26	24	0.00115424647471368	0.012815708941888
DNA_Zobellviridae_2970	Condition	HMM	1.3341693074277	0.35836276933691	26	15	0.00118251975964914	0.012815708941888
DNA_Family_unknown_6645	Condition	Unmanip	1.09687925515722	0.293456722321114	26	10	0.00114080343487878	0.012815708941888
DNA_Autographiviridae_3866	Condition	HM	-0.964428903466335	0.263015726083167	26	14	0.0013545154680167	0.0142224124141754
DNA_Herelleviridae_843	Condition	HMM	1.57831085508803	0.435196248166799	26	16	0.00149237806580167	0.015222256271177
DNA_Adenoviridae_like_336	Condition	HMM	-0.389504070924725	0.110179946167574	26	26	0.00186022234171424	0.0171496616595071
DNA_Peduoviridae_1431	Condition	Unmanip	-0.29864776198367	0.0843342901373032	26	26	0.00183326106266808	0.0171496616595071
DNA_Peduoviridae_2831	Condition	HM	-0.272827240337561	0.0766163505105997	26	26	0.0017483710688414	0.0171496616595071
DNA_Peduoviridae_4319	Condition	HM	0.972976524339501	0.275458696038192	26	19	0.00187349245019826	0.0171496616595071
DNA_Peduoviridae_3109	Condition	Unmanip	-0.375030097687301	0.106909112645391	26	26	0.001985930057518	0.0177244257633482
DNA_Zobellviridae_5911	Condition	HMM	-0.553327799631528	0.159657077009678	26	26	0.00219740743509781	0.0191335232763395
DNA_Family_unknown_1938	Condition	Unmanip	-0.4212511285366	0.122218111358387	26	26	0.0022997152280569	0.0195475794384836
DNA_Peduoviridae_882	Condition	Unmanip	-0.3095639876098	0.0914273943946488	26	26	0.00265927444495938	0.0220781622523371
DNA_Peduoviridae_974	Condition	HMM	-0.297390105695324	0.0881153933857311	26	26	0.00272922772834849	0.022143961341373
DNA_Peduoviridae_2831	Condition	HMM	-0.254550868937553	0.0766163505105997	26	26	0.00309308038067605	0.0245384376866967
DNA_Gracegardnervirinae_like_9320	Condition	HM	-0.265960083685962	0.0804936261156382	26	26	0.00323039327964602	0.0250706608876876
DNA_Peduoviridae_1222	Condition	HM	-0.296481556468617	0.0905210733577324	26	26	0.00345894310296053	0.0262732486756789
DNA_Peduoviridae_2737	Condition	Unmanip	0.600875776228758	0.184030929334087	26	3	0.00354345633345451	0.0263544564800679
DNA_Peduoviridae_2941	Condition	HM	-0.231409810546822	0.0713567846665926	26	26	0.00373343459310191	0.0266567229947477
DNA_Inoviridae_like_9281	Condition	Unmanip	0.622017580019425	0.191609504082618	26	3	0.00370459940780864	0.0266567229947477
DNA_Peduoviridae_2031	Condition	Unmanip	-0.261616527412988	0.0809974741758025	26	26	0.00385041931727034	0.0269529352208924
DNA_Peduoviridae_2831	Condition	Unmanip	-0.256037887479094	0.0795085444454692	26	26	0.00393938221315075	0.027045374040285
DNA_Peduoviridae_1480	Condition	HM	-0.226995797160965	0.070696346896096	26	26	0.0040276964023168	0.0271299550118321
DNA_Inoviridae_like_926	Condition	HM	-0.266603375586247	0.0834359267446729	26	26	0.00417801216912138	0.0276213026736358
DNA_Peduoviridae_2031	Condition	HMM	-0.245321369044274	0.0780511190993154	26	26	0.00472363984234141	0.0287811876843915
DNA_Peduoviridae_974	Condition	HM	-0.277658741974772	0.0881153933857311	26	26	0.00463584703518106	0.0287811876843915
DNA_Inoviridae_like_1799	Condition	HMM	-0.288300328034729	0.0909793213688527	26	26	0.00444628617151403	0.0287811876843915
DNA_Peduoviridae_1436	Condition	Unmanip	-0.278006096970993	0.088458099701327	26	26	0.0047268107716588	0.0287811876843915
DNA_Peduoviridae_882	Condition	HM	-0.276650196720514	0.0881016417048799	26	26	0.00475655482739243	0.0287811876843915
DNA_Family_unknown_240	Condition	Unmanip	-0.241451917804034	0.077401997657586	26	26	0.00499264069517903	0.0297062121363152
DNA_Gracegardnervirinae_like_9320	Condition	Unmanip	-0.259850318853935	0.0835321834953074	26	26	0.00509501961457379	0.0298183934820138
DNA_Family_unknown_12234	Condition	Unmanip	-0.251407651678267	0.0811694601146953	26	26	0.00525797272338527	0.0302757461652991
DNA_Peduoviridae_643	Condition	HM	0.953706840774497	0.310457873713185	26	17	0.00557897604366348	0.0316141975807597
DNA_Peduoviridae_10920	Condition	HMM	-0.271011248183026	0.0886148242171273	26	26	0.00575907094083857	0.0316305896289134
DNA_Peduoviridae_882	Condition	HMM	-0.269873968070223	0.0881016417048799	26	26	0.00569361911016502	0.0316305896289134
DNA_Peduoviridae_4097	Condition	HM	-0.259175091131025	0.0849301340397465	26	26	0.00584935010213818	0.0316396664615656
DNA_Family_unknown_240	Condition	HM	-0.224534822746876	0.0745864312334567	26	26	0.00643753715739252	0.0343015039580467
DNA_Peduoviridae_6560	Condition	Unmanip	-0.27685210788284	0.0924738453484464	26	26	0.00668937570799697	0.0351192224669841
DNA_Peduoviridae_2031	Condition	HM	-0.23139309941417	0.0780511190993154	26	26	0.00715690200342366	0.0365002002174607
DNA_Adenoviridae_like_754	Condition	Unmanip	0.965118962802914	0.324868303393257	26	3	0.00705567283857265	0.0365002002174607
DNA_Family_unknown_4095	Condition	Unmanip	-0.257108408220209	0.087360325354963	26	26	0.00752187592104706	0.0375776831053988
DNA_Peduoviridae_4097	Condition	HMM	-0.249678853288331	0.0849301340397465	26	26	0.0075786923910048	0.0375776831053988
DNA_Demerecviridae_279	Condition	HMM	1.0210244341174	0.350184273389637	26	6	0.00801162972743991	0.0391801618177541
DNA_Family_unknown_240	Condition	HMM	-0.216999473624471	0.0745864312334567	26	26	0.00812862045701341	0.0392151013939701
DNA_Peduoviridae_3525	Condition	HM	-0.22439553978347	0.0783902300055808	26	26	0.00904947532633379	0.0430755025533488
DNA_Peduoviridae_10920	Condition	HM	-0.252914795828644	0.0886148242171273	26	26	0.00922599567214195	0.0433379007230879
DNA_Peduoviridae_259	Condition	HM	-0.280336330827621	0.100172562595677	26	26	0.01047035703746	0.0450047379332062
DNA_Peduoviridae_1480	Condition	Unmanip	-0.207534576924231	0.0733650663580342	26	26	0.00977407894310004	0.0450047379332062
DNA_Family_unknown_12234	Condition	HM	-0.219728442434741	0.0782168488968989	26	26	0.0102192140574353	0.0450047379332062
DNA_Peduoviridae_4021	Condition	Unmanip	-0.807662956643117	0.286272553442244	26	24	0.00994209821530275	0.0450047379332062
DNA_Adenoviridae_like_1699	Condition	HM	0.934085881490674	0.333475574805264	26	18	0.0104104199867456	0.0450047379332062
DNA_Peduoviridae_1246	Condition	Unmanip	0.887222786079545	0.315740763066915	26	16	0.0102017854246794	0.0450047379332062
DNA_Peduoviridae_2006	Condition	Unmanip	0.894738813475638	0.320286785637675	26	9	0.0105893501019309	0.0450047379332062
DNA_Siphoviridae_3769	Condition	HMM	-0.308669576700997	0.109754685401783	26	26	0.0101465764015627	0.0450047379332062
DNA_Peduoviridae_1703	Condition	HMM	0.673805348037398	0.243154252997742	26	19	0.0111420980376253	0.0467968117580262
DNA_Peduoviridae_1222	Condition	HMM	-0.24960620313232	0.0905210733577324	26	26	0.011491793584672	0.0477043059270688
DNA_Family_unknown_8467	Condition	Unmanip	0.978112486286703	0.355381524997113	26	13	0.0116262398713504	0.0477076739548517
DNA_Arenaviridae_like_109	Condition	Unmanip	0.793771194300197	0.289075315945321	26	19	0.0117951895820974	0.0478509395546451
DNA_Peduoviridae_1239	Condition	Unmanip	-0.195428119960332	0.0713748175944244	26	26	0.0120057122396082	0.0478575304666212
DNA_Peduoviridae_2115	Condition	HM	-0.23671658159977	0.0866070191002384	26	26	0.012137062779006	0.0478575304666212
DNA_Family_unknown_6044	Condition	Unmanip	-0.765325409347015	0.280305847057728	26	22	0.0122167138781699	0.0478575304666212
DNA_Family_unknown_1908	Condition	Unmanip	1.04709723736175	0.384098791363209	26	14	0.0123330330614262	0.0478575304666212
DNA_Peduoviridae_4319	Condition	Unmanip	0.772861794981009	0.285856998289335	26	19	0.0129714308055473	0.04979355696323
DNA_Peduoviridae_2289	Condition	HM	-0.219283425240909	0.0821974278978107	26	26	0.0140576783374623	0.0528272754365688
DNA_Inoviridae_like_1799	Condition	HM	-0.243125108997255	0.0909793213688527	26	26	0.0139155100612853	0.0528272754365688
DNA_Family_unknown_4716	Condition	Unmanip	0.86984714968868	0.326806960876061	26	16	0.0142509105610314	0.0529955736488356
DNA_Peduoviridae_1431	Condition	HMM	-0.214091479998065	0.0812665554159876	26	26	0.0151424200914973	0.0557303502336551
DNA_Peduoviridae_1479	Condition	HMM	-0.466970099589408	0.178121748914083	26	25	0.0155795994551892	0.0561809798535611
DNA_Family_unknown_904	Condition	Unmanip	0.818802046388708	0.311961632014176	26	9	0.0154742358304726	0.0561809798535611
DNA_Peduoviridae_2115	Condition	Unmanip	-0.233351891948036	0.0898763512165493	26	26	0.0164776176446112	0.0588250949912621
DNA_Family_unknown_32143	Condition	HMM	0.790225891839133	0.305165823206768	26	22	0.0167300135417561	0.0591348003406628
DNA_Peduoviridae_656	Condition	Unmanip	-0.228060847515457	0.0904771537611875	26	26	0.0194679024527457	0.06747612791874
DNA_Family_unknown_1668	Condition	Unmanip	0.707681856018055	0.280704822779149	26	21	0.0194490039093763	0.06747612791874
DNA_Peduoviridae_1643	Condition	Unmanip	0.682282969253456	0.272586167922261	26	5	0.0202341503235365	0.0694576121682937
DNA_Peduoviridae_3525	Condition	HMM	-0.195545799040366	0.0783902300055808	26	26	0.0206123690596076	0.0700820548026658
DNA_Peduoviridae_3525	Condition	Unmanip	-0.20182459326576	0.0813493861943607	26	26	0.0212306160317496	0.0708348590965853
DNA_Family_unknown_6939	Condition	HM	0.72799515940803	0.293151173407582	26	7	0.0211206819604255	0.0708348590965853
DNA_Family_unknown_1938	Condition	HM	-0.290292912856171	0.117772318986419	26	26	0.02198697972608	0.072679182983431
DNA_Deejayvirinae_1078	Condition	HMM	0.722484356055731	0.293853637383549	26	9	0.0222855314798886	0.0729902269570662
DNA_Peduoviridae_1431	Condition	HM	-0.196634183497004	0.0812665554159876	26	26	0.0242494539908519	0.0787005006794011
DNA_Inoviridae_like_3211	Condition	Unmanip	0.628864161761059	0.260681621347415	26	5	0.0246306975851839	0.0792176489901859
DNA_Zobellviridae_2970	Condition	HM	0.859677552877333	0.35836276933691	26	15	0.025355794605172	0.0808215953039858
DNA_Peduoviridae_1436	Condition	HMM	-0.202232954385506	0.0852403577437727	26	26	0.0268332937175601	0.0845812001133835
DNA_Deejayvirinae_1078	Condition	HM	0.696271649568567	0.293853637383549	26	9	0.0270091227252821	0.0845812001133835
DNA_Queuovirinae_2756	Condition	HMM	0.995643803698469	0.425279817396063	26	12	0.0286909358780404	0.0890666444213949
DNA_Peduoviridae_656	Condition	HMM	-0.202470744595769	0.0871859669185981	26	26	0.0298649339020905	0.0903540796868331
DNA_Guernseyvirinae_4884	Condition	Unmanip	0.374067736311937	0.160915341225003	26	2	0.0297170366958787	0.0903540796868331
DNA_Siphoviridae_715	Condition	HMM	-0.216264029748616	0.0929511388798767	26	26	0.0295899754578039	0.0903540796868331
DNA_Peduoviridae_540	Condition	HMM	-0.404936338595564	0.176246835857169	26	25	0.0314710901668095	0.0944132705004286
DNA_Peduoviridae_1480	Condition	HMM	-0.161433088733444	0.070696346896096	26	26	0.0324204870798188	0.0964509490624608
DNA_Peduoviridae_6560	Condition	HMM	-0.20266362407759	0.0891100270756283	26	26	0.0330523517798912	0.0975180957472822
DNA_Family_unknown_9930	Condition	HMM	-0.373371485784276	0.165126796784912	26	26	0.0339814744483231	0.098005920877527
DNA_Gracegardnervirinae_like_9320	Condition	HMM	-0.181020778079068	0.0804936261156382	26	26	0.0348648514046104	0.098005920877527
DNA_Peduoviridae_656	Condition	HM	-0.196656838246627	0.0871859669185981	26	26	0.0343772627510745	0.098005920877527
DNA_Peduoviridae_1709	Condition	HM	-0.21311626641398	0.0940574758220689	26	26	0.0336484194212677	0.098005920877527
DNA_Peduoviridae_1317	Condition	Unmanip	0.736959324015304	0.327030521535382	26	8	0.034530011453254	0.098005920877527
DNA_Peduoviridae_7304	Condition	Unmanip	0.60968946493055	0.271102531870753	26	6	0.0348617568749924	0.098005920877527
DNA_Family_unknown_4095	Condition	HM	-0.188437333702104	0.0841825159144551	26	26	0.0356354554173487	0.0993895123749492
DNA_Peduoviridae_1436	Condition	HM	-0.189399921030933	0.0852403577437727	26	26	0.0368833726111915	0.102072589319344
DNA_Adenoviridae_like_336	Condition	HM	-0.243998519369432	0.110179946167574	26	26	0.0374567665288714	0.102862043467747
DNA_Family_unknown_12234	Condition	HMM	-0.172634736793082	0.0782168488968989	26	26	0.0380390647998312	0.103663710943051
DNA_Herelleviridae_843	Condition	HM	0.956767243466377	0.435196248166799	26	16	0.0387291929077329	0.104744862636823
DNA_Peduoviridae_2289	Condition	Unmanip	-0.1871314250173	0.0853003021647732	26	26	0.0391068079212836	0.104970905472919
DNA_Peduoviridae_6560	Condition	HM	-0.194817682836883	0.0891100270756283	26	26	0.0397221886096955	0.105535506171895
DNA_Peduoviridae_1494	Condition	HMM	-0.184081900041647	0.084286555311838	26	26	0.0399083846868511	0.105535506171895
DNA_Siphoviridae_715	Condition	HM	-0.198535712118535	0.0929511388798767	26	26	0.0440636715409626	0.115667137795027
DNA_Family_unknown_4095	Condition	HMM	-0.178448941521255	0.0841825159144551	26	26	0.045542510230209	0.118454754235682
DNA_Myoviridae_3662	Condition	Unmanip	-0.284174172340184	0.13422540260818	26	26	0.0457892327297594	0.118454754235682
DNA_Peduoviridae_2469	Condition	Unmanip	-0.387366687011714	0.183366943298772	26	25	0.0462230711855693	0.118716808728405
DNA_Peduoviridae_1709	Condition	HMM	-0.198052695646433	0.0940574758220689	26	26	0.0468746958740452	0.119530474478815
DNA_Family_unknown_4716	Condition	HM	0.661736280009371	0.314919067358313	26	16	0.0472933597318046	0.119742761874143
DNA_Inoviridae_like_926	Condition	HMM	-0.172462660538117	0.0834359267446729	26	26	0.050699192436258	0.12746205422355
DNA_Peduoviridae_1494	Condition	HM	-0.173900030503851	0.084286555311838	26	26	0.0510906508052489	0.127547988373943
DNA_Myoviridae_5100	Condition	HM	0.669343408296068	0.32521150543583	26	15	0.051611103029029	0.127952526259468
DNA_Family_unknown_1595	Condition	HMM	-0.212643546352283	0.104055935251047	26	26	0.0531544239168391	0.130869857505597
DNA_Family_unknown_4716	Condition	HMM	0.640462573310644	0.314919067358313	26	16	0.0542127157908082	0.13108565745001
DNA_Peduoviridae_1246	Condition	HM	0.618409765250168	0.304255412325027	26	16	0.0543436339008446	0.13108565745001
DNA_Myoviridae_5100	Condition	HMM	0.661071998080741	0.32521150543583	26	15	0.0543207604563198	0.13108565745001
DNA_Peduoviridae_2115	Condition	HMM	-0.175346711800168	0.0866070191002384	26	26	0.05521219254556	0.132286931132651
DNA_Arenaviridae_like_109	Condition	HM	0.562105201520737	0.278559944530479	26	19	0.0559606469636743	0.133186339773545
DNA_Peduoviridae_3109	Condition	HMM	-0.206748833370216	0.103020198701213	26	26	0.0572060950003893	0.135248847120126
DNA_Bronfenbrennervirinae_1503	Condition	HM	0.317912020351456	0.158875816153056	26	2	0.0578791817517779	0.135939920298584
DNA_Peduoviridae_2089	Condition	HMM	-0.205682499477981	0.103096358144732	26	26	0.0585699331289757	0.136663177300943
DNA_Peduoviridae_1246	Condition	HMM	0.602340806944154	0.304255412325027	26	16	0.0603808630086646	0.139973818792813
DNA_Peduoviridae_540	Condition	HM	-0.34828872852653	0.176246835857169	26	25	0.0608107466779334	0.140060881058208
DNA_Peduoviridae_2289	Condition	HMM	-0.161607455402558	0.0821974278978107	26	26	0.0620326787077659	0.141959399350464
DNA_Peduoviridae_6168	Condition	Unmanip	0.604359604016284	0.310386863450957	26	8	0.0643979955725709	0.146433658722343
DNA_Peduoviridae_1005	Condition	Unmanip	0.389406694612537	0.202509296135295	26	3	0.0675316437146641	0.152587321557817
DNA_Peduoviridae_1997	Condition	HM	0.498882221789741	0.260356917622636	26	6	0.0684303257389253	0.15364544835721
DNA_Peduoviridae_4995	Condition	HM	0.607457768672093	0.320860996794043	26	18	0.07155799541756	0.159663777275431
DNA_Adenoviridae_like_1699	Condition	HMM	0.622468259290193	0.333475574805264	26	18	0.0753420176402296	0.167062734767466
DNA_Family_unknown_1668	Condition	HM	0.498352820085026	0.270493935489075	26	21	0.078938840392287	0.172998183945525
DNA_Inoviridae_like_3078	Condition	HM	0.463680279550803	0.25171880739067	26	6	0.0789879663392731	0.172998183945525
DNA_Family_unknown_6645	Condition	HMM	0.509440263939933	0.282781973357172	26	10	0.0853419306743654	0.185774812504564
DNA_Family_unknown_1938	Condition	HMM	-0.211086392658705	0.117772318986419	26	26	0.0868451225014476	0.18789746623332
DNA_Peduoviridae_1494	Condition	Unmanip	-0.156215978075422	0.0874682921400653	26	26	0.0878960136161471	0.18789746623332
DNA_Peduoviridae_3971	Condition	Unmanip	0.632716389179243	0.353958254945962	26	17	0.0876348837426814	0.18789746623332
DNA_Siphoviridae_3769	Condition	HM	-0.1956225460777	0.109754685401783	26	26	0.0884981653594418	0.188058601388814
DNA_Gladiatorvirus_10453	Condition	HMM	0.546271002509406	0.311048995985895	26	7	0.0929640203800576	0.196379617015861
DNA_Peduoviridae_1479	Condition	Unmanip	-0.321864640571439	0.184845674531062	26	25	0.095605896832629	0.200772383348521
DNA_Peduoviridae_756	Condition	Unmanip	0.489717328743136	0.284244563561773	26	23	0.0989409113127074	0.206560849933547
DNA_Inoviridae_like_1799	Condition	Unmanip	-0.162328722658545	0.0944137037129339	26	26	0.0995940026210354	0.206715458928544
DNA_Family_unknown_2254	Condition	HM	0.587785740258744	0.342765686544324	26	21	0.100430127990985	0.207245986663479
DNA_Peduoviridae_3109	Condition	HM	-0.174647461714352	0.103020198701213	26	26	0.104132483388066	0.213651129709998
DNA_Peduoviridae_2006	Condition	HM	0.520461609523528	0.308636069286359	26	9	0.105864212021705	0.215962992524277
DNA_Peduoviridae_2180	Condition	Unmanip	0.504799333587128	0.300046469861093	26	18	0.106631474019703	0.216292251278602
DNA_Peduoviridae_2089	Condition	HM	-0.172085974148496	0.103096358144732	26	26	0.109252670006639	0.220357080182883
DNA_Adenoviridae_like_1560	Condition	HMM	-0.390502666779035	0.235709667829712	26	23	0.111772487035812	0.224172909392051
DNA_Schitoviridae_4748	Condition	HMM	-0.254292949829963	0.155167601285313	26	25	0.115472787383121	0.225266585222809
DNA_Family_unknown_904	Condition	HM	0.492860125836559	0.300613750521487	26	9	0.115329110725663	0.225266585222809
DNA_Peduoviridae_6168	Condition	HM	0.490468837639232	0.299096265563686	26	8	0.115261416193566	0.225266585222809
DNA_Peduoviridae_2636	Condition	HM	0.313602125890977	0.190810125720061	26	3	0.114489969555516	0.225266585222809
DNA_Myoviridae_5100	Condition	Unmanip	0.554325159738069	0.337487928644491	26	15	0.114703841137103	0.225266585222809
DNA_Schitoviridae_4748	Condition	HM	-0.252113198005268	0.155167601285313	26	25	0.118451269835255	0.229821213756447
DNA_Family_unknown_3186	Condition	Unmanip	0.62052378888976	0.383687177094924	26	16	0.120070925085717	0.231704433814059
DNA_Queuovirinae_2756	Condition	HM	0.676951487139871	0.425279817396063	26	12	0.125702272309118	0.241267264593308
DNA_Family_unknown_1908	Condition	HMM	0.583103817150211	0.370126856616833	26	14	0.129432527479775	0.247098461552297
DNA_Gladiatorvirus_10453	Condition	HM	0.488478166032701	0.311048995985895	26	7	0.130589200934965	0.247980557094587
DNA_Peduoviridae_985	Condition	HM	0.301078236023763	0.193807494389126	26	3	0.13457436721896	0.253312540906777
DNA_Podoviridae_2003	Condition	Unmanip	0.46517768450221	0.299635758489298	26	4	0.134816198241702	0.253312540906777
DNA_Family_unknown_32143	Condition	Unmanip	0.484651495823549	0.316685541088475	26	22	0.140174221163443	0.262001031179839
DNA_Peduoviridae_4995	Condition	Unmanip	0.506455245762	0.332973192463497	26	18	0.142501305041209	0.264218227196402
DNA_Peduoviridae_761	Condition	Unmanip	0.377692422821847	0.248538763586554	26	4	0.142840666243433	0.264218227196402
DNA_Peduoviridae_1317	Condition	HM	0.477110671791785	0.315134495800053	26	8	0.1442635276696	0.265474635969315
DNA_Peduoviridae_643	Condition	Unmanip	0.479022959455626	0.32217736143874	26	17	0.151252054487562	0.273035319772071
DNA_Peduoviridae_2123	Condition	Unmanip	0.484099090770508	0.325808122929975	26	17	0.151511621168598	0.273035319772071
DNA_Steigviridae_687	Condition	Unmanip	0.166666666666668	0.112366643743874	26	1	0.15219615864044	0.273035319772071
DNA_Peduoviridae_4842	Condition	Unmanip	0.166666666666662	0.112366643743874	26	1	0.152196158640454	0.273035319772071
DNA_Peduoviridae_108	Condition	Unmanip	0.166666666666662	0.112366643743874	26	1	0.152196158640454	0.273035319772071
DNA_Peduoviridae_548	Condition	HM	-0.164186598434007	0.11404006127467	26	26	0.164023358687422	0.288454872174431
DNA_Family_unknown_1595	Condition	HM	-0.150658109058328	0.104055935251047	26	26	0.161758994892728	0.288454872174431
DNA_Family_unknown_8467	Condition	HM	0.494015614125832	0.342454206325517	26	13	0.163227523478897	0.288454872174431
DNA_Peduoviridae_10392	Condition	HMM	0.308532415633675	0.213607929775202	26	3	0.162722522398862	0.288454872174431
DNA_Podoviridae_2003	Condition	HM	0.412866660103635	0.28873624159565	26	4	0.166791968153218	0.291885944268132
DNA_Peduoviridae_548	Condition	HMM	-0.16229934496064	0.11404006127467	26	26	0.168711685903314	0.292224023371394
DNA_Peduoviridae_259	Condition	HMM	-0.142373127514854	0.100172562595677	26	26	0.169256671703799	0.292224023371394
DNA_Autographiviridae_3866	Condition	HMM	0.373650109079805	0.263015726083167	26	14	0.16944082027417	0.292224023371394
DNA_Family_unknown_9930	Condition	HM	-0.233695594184168	0.165126796784912	26	26	0.170995753128877	0.292428600316486
DNA_Family_unknown_32143	Condition	HM	0.431673055241046	0.305165823206768	26	22	0.171197695983601	0.292428600316486
DNA_Peduoviridae_1479	Condition	HM	-0.250907390096632	0.178121748914083	26	25	0.172921879993305	0.293967195988619
DNA_Myoviridae_3662	Condition	HM	-0.179237753979001	0.129342834350437	26	26	0.179709378652164	0.304058048240866
DNA_Inoviridae_like_3078	Condition	Unmanip	0.359382688907425	0.261220951556714	26	6	0.182735695655991	0.30772001579806
DNA_Peduoviridae_1854	Condition	Unmanip	0.456693932455679	0.337488260624343	26	22	0.189729872967795	0.317997956100953
DNA_Family_unknown_10326	Condition	HM	-0.15113824690103	0.112201010302644	26	26	0.191682674129797	0.319769694693167
DNA_Podoviridae_8103	Condition	HM	0.409499355572368	0.306166504604349	26	8	0.194721988399841	0.323329069110433
DNA_Peduoviridae_8530	Condition	HMM	0.329798613621459	0.24814339111968	26	4	0.197446612247485	0.326335373020149
DNA_Inoviridae_like_926	Condition	Unmanip	-0.113151459396166	0.0865855531582643	26	26	0.204771008921704	0.330998842122062
DNA_Family_unknown_10326	Condition	HMM	-0.147302980994728	0.112201010302644	26	26	0.202764537664808	0.330998842122062
DNA_Family_unknown_1908	Condition	HM	0.483918731104605	0.370126856616833	26	14	0.204562949452542	0.330998842122062
DNA_Peduoviridae_6772	Condition	HM	0.332187741779886	0.253967911634913	26	5	0.204379244430938	0.330998842122062
DNA_Queuovirinae_32124	Condition	HMM	0.142857142857143	0.109815159255115	26	1	0.206758380373163	0.330998842122062
DNA_Fiersviridae_4559	Condition	HMM	0.142857142857143	0.109815159255115	26	1	0.206758380373164	0.330998842122062
DNA_Siphoviridae_15338	Condition	HM	0.142857142857142	0.109815159255115	26	1	0.206758380373165	0.330998842122062
DNA_Peduoviridae_2469	Condition	HM	-0.224730498030641	0.176696807843984	26	25	0.216709904281579	0.345381409948767
DNA_Peduoviridae_3971	Condition	HMM	0.409944140461189	0.341082708986826	26	17	0.242184186162914	0.381182864345178
DNA_Peduoviridae_2123	Condition	HM	0.377308817129283	0.313956563029824	26	17	0.242223683349581	0.381182864345178
DNA_Peduoviridae_7304	Condition	HMM	0.313850571085486	0.261240936442577	26	6	0.242376779289511	0.381182864345178
DNA_Peduoviridae_4995	Condition	HMM	0.384339689294832	0.320860996794043	26	18	0.243726260099119	0.381624012523621
DNA_Peduoviridae_1997	Condition	HMM	0.299663485809267	0.260356917622636	26	6	0.262100270143122	0.408601731183819
DNA_Family_unknown_6939	Condition	HMM	0.335942815842282	0.293151173407582	26	7	0.264119703582178	0.409959713821033
DNA_Family_unknown_2924	Condition	HMM	0.486929185093527	0.427157397573103	26	3	0.266574988225237	0.411979527257184
DNA_Peduoviridae_3971	Condition	HM	0.385945439219724	0.341082708986826	26	17	0.27001581584222	0.415498475239968
DNA_Family_unknown_904	Condition	HMM	0.337255477587807	0.300613750521487	26	9	0.274005400721993	0.419828017415242
DNA_Peduoviridae_2123	Condition	HMM	0.350710272173526	0.313956563029824	26	17	0.276017604197902	0.421103780763466
DNA_Family_unknown_9129	Condition	Unmanip	0.395651454510552	0.366275765492986	26	18	0.291752858825476	0.441919583979665
DNA_Family_unknown_6645	Condition	HM	0.305211804515646	0.282781973357172	26	10	0.29213731602017	0.441919583979665
DNA_Peduoviridae_6168	Condition	HMM	0.321378213444274	0.299096265563686	26	8	0.294243802572248	0.443228006406298
DNA_Arenaviridae_like_109	Condition	HMM	0.297319733583693	0.278559944530479	26	19	0.297388881761046	0.446083322641569
DNA_Family_unknown_2924	Condition	Unmanip	0.471461399243894	0.443282180680916	26	3	0.299059093908707	0.446711700943132
DNA_Peduoviridae_2469	Condition	HMM	-0.186636063256148	0.176696807843984	26	25	0.302315446526296	0.449694226707866
DNA_Peduoviridae_756	Condition	HM	0.286233599548365	0.273904915056236	26	23	0.307364977534166	0.455308286222811
DNA_Demerecviridae_279	Condition	HM	0.364197609112962	0.350184273389637	26	6	0.309627572064089	0.456764641433388
DNA_Peduoviridae_10392	Condition	Unmanip	0.228363877249095	0.221671424770965	26	3	0.314113917449489	0.461476002178879
DNA_Family_unknown_672	Condition	HM	0.294709165414978	0.2915203848703	26	22	0.323036050049518	0.469228111281544
DNA_Peduoviridae_2006	Condition	HMM	0.312964829293764	0.308636069286359	26	9	0.321593660166628	0.469228111281544
DNA_Adenoviridae_like_1238	Condition	HMM	0.176116231459936	0.174320260810178	26	2	0.323333656513333	0.469228111281544
DNA_Peduoviridae_1518	Condition	HMM	-0.216705866371423	0.221738736452204	26	24	0.339044395218374	0.490035826287285
DNA_Peduoviridae_1317	Condition	HMM	0.304193322913173	0.315134495800053	26	8	0.344895925255166	0.496483247242316
DNA_Family_unknown_20296	Condition	HMM	0.154022084083267	0.161484949123971	26	2	0.350555092850664	0.50260308493047
DNA_Peduoviridae_985	Condition	Unmanip	0.189527460493331	0.201123541891636	26	3	0.356250654912774	0.508725935215441
DNA_Family_unknown_8467	Condition	HMM	0.307205689258146	0.342454206325517	26	13	0.379393338411808	0.539615226346675
DNA_Family_unknown_20296	Condition	HM	0.142857142857143	0.161484949123971	26	2	0.385913759713735	0.546711159594458
DNA_Peduoviridae_520	Condition	HM	-0.230210654456536	0.26129064322555	26	23	0.387813942697413	0.547231531790421
DNA_Peduoviridae_8530	Condition	Unmanip	0.223301602408508	0.257510566742003	26	4	0.395217062342605	0.55548224904059
DNA_Peduoviridae_1558	Condition	HM	-0.190888939326969	0.232965661206279	26	24	0.42135430920366	0.585204455901862
DNA_Family_unknown_3186	Condition	HM	0.303682724531786	0.369730215183211	26	16	0.420251778493252	0.585204455901862
DNA_Family_unknown_2265	Condition	Unmanip	0.166666666666663	0.204102314291119	26	3	0.422920867290421	0.585204455901862
DNA_Adenoviridae_like_1238	Condition	HM	0.142857142857143	0.174320260810178	26	2	0.421285587545992	0.585204455901862
DNA_Herelleviridae_843	Condition	Unmanip	0.358772374589647	0.45162449019396	26	16	0.435446429563147	0.600209943451905
DNA_Family_unknown_2265	Condition	HM	0.152780048931165	0.196677911296414	26	3	0.445547305028098	0.611770722673197
DNA_Family_unknown_2265	Condition	HMM	0.149262094192993	0.196677911296414	26	3	0.455957284650936	0.623665711189212
DNA_Peduoviridae_2636	Condition	HMM	0.142857142857143	0.190810125720061	26	3	0.461975677223561	0.629485941865693
DNA_Gladiatorvirus_10453	Condition	Unmanip	0.239384618640824	0.322790798011733	26	7	0.466167916601022	0.632783065500247
DNA_Peduoviridae_1005	Condition	HM	0.142857142857144	0.19514284059115	26	3	0.471856576502	0.638078779587932
DNA_Peduoviridae_6772	Condition	HMM	-0.183792925345316	0.253967911634913	26	5	0.47688396252932	0.642441197628298
DNA_Peduoviridae_761	Condition	HMM	0.172606659370648	0.239497945274027	26	4	0.478681676664222	0.642441197628298
DNA_Family_unknown_6572	Condition	HM	-0.213084053590935	0.299447547499538	26	26	0.484196113719378	0.647408286883213
DNA_Peduoviridae_1558	Condition	HMM	-0.16151528578089	0.232965661206279	26	24	0.495375862288161	0.659885010585349
DNA_Family_unknown_6939	Condition	Unmanip	0.205339427944875	0.304217349753478	26	7	0.506723411307019	0.671539535302521
DNA_Inoviridae_like_3211	Condition	HM	0.169084650420193	0.251199095796843	26	5	0.507887043506108	0.671539535302521
DNA_Peduoviridae_4021	Condition	HM	-0.183906078795476	0.27585913500326	26	24	0.51191678936334	0.671890786039384
DNA_Peduoviridae_761	Condition	HM	0.160235967100303	0.239497945274027	26	4	0.510424501707031	0.671890786039384
DNA_Peduoviridae_520	Condition	Unmanip	0.178209742893148	0.27115411503723	26	23	0.517852541306577	0.677191784785524
DNA_Peduoviridae_5993	Condition	Unmanip	0.168205021050369	0.260137547788151	26	24	0.524579725502736	0.681365572142293
DNA_Peduoviridae_1997	Condition	Unmanip	0.173771363649896	0.270185142186077	26	6	0.526770022160428	0.681365572142293
DNA_Peduoviridae_1643	Condition	HM	0.169182073864008	0.262670603914738	26	5	0.526179350058853	0.681365572142293
DNA_Peduoviridae_8530	Condition	HM	0.148774743402282	0.24814339111968	26	4	0.5549303042672	0.715198984199966
DNA_Family_unknown_2254	Condition	Unmanip	0.211228072783883	0.355704763296194	26	21	0.55868309862618	0.717096869366724
DNA_Inoviridae_like_3078	Condition	HMM	0.148813129614217	0.25171880739067	26	6	0.560420242446263	0.717096869366724
DNA_Adenoviridae_like_336	Condition	Unmanip	0.0660918534522804	0.11433913372906	26	26	0.569111557043479	0.725617235230435
DNA_Family_unknown_2254	Condition	HMM	0.196613898725543	0.342765686544324	26	21	0.57204950337492	0.726767518522585
DNA_Inoviridae_like_3211	Condition	HMM	0.142857142857143	0.251199095796843	26	5	0.575319268806691	0.728329712638258
DNA_Zobellviridae_2970	Condition	Unmanip	0.208669807749922	0.37189062104287	26	15	0.580396653575091	0.732161149562924
DNA_Deejayvirinae_1078	Condition	Unmanip	0.166666666666663	0.304946331072509	26	9	0.590192609515339	0.738970585745868
DNA_Peduoviridae_7304	Condition	HM	0.142857142857143	0.261240936442577	26	6	0.589992456237795	0.738970585745868
DNA_Peduoviridae_1643	Condition	HMM	0.142857142857142	0.262670603914738	26	5	0.592004446844029	0.738970585745868
DNA_Peduoviridae_7928	Condition	HM	-0.126361429717252	0.24274238134759	26	23	0.607874706832134	0.751161743043328
DNA_Peduoviridae_7928	Condition	HMM	-0.12628754102454	0.24274238134759	26	23	0.608083315796979	0.751161743043328
DNA_Peduoviridae_520	Condition	HMM	-0.137185809040721	0.26129064322555	26	23	0.604812680135307	0.751161743043328
DNA_Peduoviridae_540	Condition	Unmanip	-0.0939479514115374	0.182899985299931	26	25	0.612612017900287	0.752811355568744
DNA_Family_unknown_3186	Condition	HMM	0.189364398562912	0.369730215183211	26	16	0.613636146976203	0.752811355568744
DNA_Peduoviridae_259	Condition	Unmanip	-0.0516189379859468	0.103953981001132	26	26	0.624427717102888	0.76342703769086
DNA_Family_unknown_21029	Condition	HM	0.147495330255437	0.303831126228024	26	6	0.632155430847337	0.770237163182591
DNA_Zobellviridae_5911	Condition	HM	-0.0754527334415537	0.159657077009678	26	26	0.64115861557376	0.775910595796041
DNA_Family_unknown_6572	Condition	Unmanip	-0.14760863847237	0.310751405943825	26	26	0.639464781753502	0.775910595796041
DNA_Podoviridae_8103	Condition	HMM	0.142857142857143	0.306166504604349	26	8	0.645373976329659	0.778373343073271
DNA_Peduoviridae_5993	Condition	HMM	-0.110271455319139	0.25067481339662	26	24	0.664301965398121	0.798504382650267
DNA_Myoviridae_3662	Condition	HMM	-0.0564042499798887	0.129342834350437	26	26	0.667025630507049	0.799087751983277
DNA_Queuovirinae_2756	Condition	Unmanip	0.180220727673839	0.441333723648425	26	12	0.68696057087663	0.820217136464738
DNA_Peduoviridae_1854	Condition	HMM	0.117305254638748	0.32521182533962	26	22	0.721760981205931	0.852488096320486
DNA_Family_unknown_6044	Condition	HM	-0.0980678901312382	0.270109472863948	26	22	0.720019826517721	0.852488096320486
DNA_Family_unknown_9129	Condition	HMM	0.127312260661313	0.352952159145557	26	18	0.721758991818566	0.852488096320486
DNA_Family_unknown_6572	Condition	HMM	0.107289492788668	0.299447547499538	26	26	0.723540317045118	0.852488096320486
DNA_Peduoviridae_756	Condition	HMM	0.0964675521327412	0.273904915056236	26	23	0.728044503724551	0.853672322284566
DNA_Family_unknown_1668	Condition	HMM	0.0947969251080135	0.270493935489075	26	21	0.729327894388775	0.853672322284566
DNA_Family_unknown_21029	Condition	HMM	0.100286373767091	0.303831126228024	26	6	0.74446745702208	0.86854536652576
DNA_Family_unknown_9930	Condition	Unmanip	-0.0500788512818112	0.171360175390954	26	26	0.772838930721485	0.898708463412281
DNA_Adenoviridae_like_1699	Condition	Unmanip	0.0826412896604619	0.346063958726598	26	18	0.81346842643295	0.942883857910919
DNA_Peduoviridae_5993	Condition	HM	-0.0550443169657381	0.25067481339662	26	24	0.828219341086993	0.956874772712157
DNA_Peduoviridae_1709	Condition	Unmanip	-0.0209302622440365	0.0976080555519673	26	26	0.832185532567126	0.958340969047577
DNA_Peduoviridae_1518	Condition	HM	-0.0467788861301042	0.221738736452204	26	24	0.83485725875013	0.958340969047577
DNA_Family_unknown_672	Condition	HMM	0.0578864543859193	0.2915203848703	26	22	0.844424681767338	0.966216703176089
DNA_Peduoviridae_1518	Condition	Unmanip	-0.0417747394182227	0.230109161621489	26	24	0.857603518408094	0.975551541463013
DNA_Adenoviridae_like_1560	Condition	Unmanip	0.0434886398403434	0.244607482292865	26	23	0.860515154181608	0.975551541463013
DNA_Family_unknown_21029	Condition	Unmanip	-0.0559491810390564	0.315300460575654	26	6	0.860780771879129	0.975551541463013
DNA_Peduoviridae_4021	Condition	HMM	-0.0461761040664491	0.27585913500326	26	24	0.868592198753015	0.981289287831729
DNA_Family_unknown_9129	Condition	HM	0.0570515167852377	0.352952159145557	26	18	0.873063918920603	0.983229713106168
DNA_Family_unknown_6044	Condition	HMM	-0.039520988016114	0.270109472863948	26	22	0.885005396697194	0.99354379440534
DNA_Peduoviridae_1854	Condition	HM	-0.0316301832828225	0.32521182533962	26	22	0.923400363786926	1
DNA_Adenoviridae_like_1560	Condition	HM	0.0194725149596548	0.235709667829712	26	23	0.934906880205293	1
DNA_Family_unknown_672	Condition	Unmanip	-0.0358275455715047	0.302525000509048	26	22	0.906802923358065	1
DNA_Family_unknown_2924	Condition	HM	-2.6024029094934e-16	0.427157397573103	26	3	1	1
DNA_Adenoviridae_like_754	Condition	HM	3.70169808132437e-16	0.313050930263634	26	3	0.999999999999999	1
DNA_Adenoviridae_like_754	Condition	HMM	4.94136856112159e-16	0.313050930263634	26	3	0.999999999999999	1
DNA_Demerecviridae_279	Condition	Unmanip	2.58390346966415e-17	0.363403394697746	26	6	1	1
DNA_Peduoviridae_6772	Condition	Unmanip	0.000651982688973165	0.263554957334517	26	5	0.998048488996534	1
DNA_Casadabanvirus_like_5387	Condition	HM	-1.93721868011165e-16	0.233215290146056	26	4	0.999999999999999	1
DNA_Casadabanvirus_like_5387	Condition	HMM	1.2353421402804e-16	0.233215290146056	26	4	1	1
DNA_Peduoviridae_10392	Condition	HM	-4.94456552803747e-16	0.213607929775202	26	3	0.999999999999998	1
DNA_Peduoviridae_2737	Condition	HM	-3.7448829010491e-16	0.177336640797419	26	3	0.999999999999998	1
DNA_Peduoviridae_2737	Condition	HMM	-3.08835535070099e-16	0.177336640797419	26	3	0.999999999999999	1
DNA_Queuovirinae_32124	Condition	Unmanip	-1.1753372932341e-16	0.113960576459638	26	1	0.999999999999999	1
DNA_Queuovirinae_32124	Condition	HM	2.73252305496807e-16	0.109815159255115	26	1	0.999999999999998	1
DNA_Inoviridae_like_9281	Condition	HM	1.70614539317911e-16	0.184639538157117	26	3	0.999999999999999	1
DNA_Inoviridae_like_9281	Condition	HMM	1.2353421402804e-16	0.184639538157117	26	3	0.999999999999999	1
DNA_Peduoviridae_985	Condition	HMM	3.08835535070099e-16	0.193807494389126	26	3	0.999999999999999	1
DNA_Peduoviridae_1005	Condition	HMM	1.5441776753505e-16	0.19514284059115	26	3	0.999999999999999	1
DNA_Adenoviridae_like_1238	Condition	Unmanip	-1.69891653130418e-15	0.180900683888021	26	2	0.999999999999993	1
DNA_Peduoviridae_2636	Condition	Unmanip	-1.03356138786566e-15	0.19801302542282	26	3	0.999999999999996	1
DNA_Bronfenbrennervirinae_1503	Condition	Unmanip	-2.59682298701247e-15	0.164873226220398	26	2	0.999999999999988	1
DNA_Bronfenbrennervirinae_1503	Condition	HMM	2.26092627375006e-17	0.158875816153056	26	2	1	1
DNA_Family_unknown_20296	Condition	Unmanip	2.14463987982124e-15	0.167580851464874	26	2	0.99999999999999	1
DNA_Guernseyvirinae_4884	Condition	HM	1.96638568412845e-16	0.155061902740318	26	2	0.999999999999999	1
DNA_Guernseyvirinae_4884	Condition	HMM	1.2353421402804e-16	0.155061902740318	26	2	0.999999999999999	1
DNA_Steigviridae_687	Condition	HM	9.11598477738135e-16	0.108279207257842	26	1	0.999999999999993	1
DNA_Steigviridae_687	Condition	HMM	3.39719088577109e-16	0.108279207257842	26	1	0.999999999999998	1
DNA_Peduoviridae_4842	Condition	HM	6.01469369585163e-16	0.108279207257842	26	1	0.999999999999996	1
DNA_Peduoviridae_4842	Condition	HMM	2.47068428056079e-16	0.108279207257842	26	1	0.999999999999998	1
DNA_Fiersviridae_4559	Condition	Unmanip	-2.11544598328854e-15	0.113960576459638	26	1	0.999999999999985	1
DNA_Fiersviridae_4559	Condition	HM	-7.28672814658153e-16	0.109815159255115	26	1	0.999999999999995	1
DNA_Peduoviridae_108	Condition	HM	6.01469369585163e-16	0.108279207257842	26	1	0.999999999999996	1
DNA_Peduoviridae_108	Condition	HMM	2.47068428056079e-16	0.108279207257842	26	1	0.999999999999998	1
DNA_Siphoviridae_6819	Condition	HM	-6.91095121216592e-16	0.210155145618692	26	4	0.999999999999997	1
DNA_Siphoviridae_6819	Condition	HMM	-1.2353421402804e-16	0.210155145618692	26	4	1	1
DNA_Podoviridae_2003	Condition	HMM	3.08835535070099e-16	0.28873624159565	26	4	0.999999999999999	1
DNA_Siphoviridae_15338	Condition	Unmanip	-5.2324045260699e-16	0.113960576459638	26	1	0.999999999999996	1
DNA_Siphoviridae_15338	Condition	HMM	-2.33480461787497e-16	0.109815159255115	26	1	0.999999999999998	1
