sample,treatment,inactive,active-unknown,lytic-active
Unmanip_1,Unmanip,75.88652482269504,22.69503546099291,1.4184397163120568
Unmanip_2,Unmanip,78.72340425531915,20.56737588652482,0.7092198581560284
Unmanip_3,Unmanip,80.85106382978724,18.43971631205674,0.7092198581560284
Unmanip_4,Unmanip,75.88652482269504,22.69503546099291,1.4184397163120568
Unmanip_5,Unmanip,82.26950354609929,17.73049645390071,0.0
Unmanip_6,Unmanip,78.72340425531915,21.27659574468085,0.0
Unmanip_7,Unmanip,75.177304964539,24.113475177304963,0.7092198581560284
Unmanip_8,Unmanip,81.56028368794327,17.73049645390071,0.7092198581560284
HMM_1,HMM,68.79432624113475,29.78723404255319,1.4184397163120568
HMM_2,HMM,80.1418439716312,19.148936170212767,0.7092198581560284
HMM_3,HMM,78.72340425531915,19.858156028368793,1.4184397163120568
HMM_4,HMM,71.63120567375887,26.95035460992908,1.4184397163120568
HMM_5,HMM,77.30496453900709,20.56737588652482,2.127659574468085
HMM_6,HMM,70.2127659574468,27.659574468085108,2.127659574468085
HMM_7,HMM,75.177304964539,23.404255319148938,1.4184397163120568
HMM_8,HMM,75.88652482269504,19.858156028368793,4.25531914893617
HM_1,HM,81.56028368794327,17.02127659574468,1.4184397163120568
HM_2,HM,78.01418439716312,21.98581560283688,0.0
HM_3,HM,77.30496453900709,21.98581560283688,0.7092198581560284
HM_4,HM,75.177304964539,22.69503546099291,2.127659574468085
HM_5,HM,78.01418439716312,20.56737588652482,1.4184397163120568
HM_6,HM,78.72340425531915,20.56737588652482,0.7092198581560284
HM_7,HM,79.43262411347517,18.43971631205674,2.127659574468085
HM_8,HM,82.97872340425532,16.31205673758865,0.7092198581560284
LM_2,LM,76.59574468085107,21.98581560283688,1.4184397163120568
LM_3,LM,80.85106382978724,17.02127659574468,2.127659574468085
LM_4,LM,78.01418439716312,21.27659574468085,0.7092198581560284
LM_5,LM,73.75886524822695,24.822695035460992,1.4184397163120568
LM_6,LM,73.04964539007092,26.24113475177305,0.7092198581560284
LM_7,LM,78.01418439716312,21.27659574468085,0.7092198581560284
LM_8,LM,71.63120567375887,26.24113475177305,2.127659574468085
