sample,treatment,inactive,active-unknown,lytic-active
Unmanip_1,Unmanip,75.88652482,22.69503546,1.418439716
Unmanip_2,Unmanip,78.72340426,20.56737589,0.709219858
Unmanip_3,Unmanip,80.85106383,18.43971631,0.709219858
Unmanip_4,Unmanip,75.88652482,22.69503546,1.418439716
Unmanip_5,Unmanip,82.26950355,17.73049645,0
Unmanip_6,Unmanip,78.72340426,21.27659574,0
Unmanip_7,Unmanip,75.17730496,24.11347518,0.709219858
Unmanip_8,Unmanip,81.56028369,17.73049645,0.709219858
HMM_1,HMM,68.79432624,29.78723404,1.418439716
HMM_2,HMM,80.14184397,19.14893617,0.709219858
HMM_3,HMM,78.72340426,19.85815603,1.418439716
HMM_4,HMM,71.63120567,26.95035461,1.418439716
HMM_5,HMM,77.30496454,20.56737589,2.127659574
HMM_6,HMM,70.21276596,27.65957447,2.127659574
HMM_7,HMM,75.17730496,23.40425532,1.418439716
HMM_8,HMM,75.88652482,19.85815603,4.255319149
HM_1,HM,81.56028369,17.0212766,1.418439716
HM_2,HM,78.0141844,21.9858156,0
HM_3,HM,77.30496454,21.9858156,0.709219858
HM_4,HM,75.17730496,22.69503546,2.127659574
HM_5,HM,78.0141844,20.56737589,1.418439716
HM_6,HM,78.72340426,20.56737589,0.709219858
HM_7,HM,79.43262411,18.43971631,2.127659574
HM_8,HM,82.9787234,16.31205674,0.709219858
LM_2,LM,76.59574468,21.9858156,1.418439716
LM_3,LM,80.85106383,17.0212766,2.127659574
LM_4,LM,78.0141844,21.27659574,0.709219858
LM_5,LM,73.75886525,24.82269504,1.418439716
LM_6,LM,73.04964539,26.24113475,0.709219858
LM_7,LM,78.0141844,21.27659574,0.709219858
LM_8,LM,71.63120567,26.24113475,2.127659574
