"genome","family","lifestyle","lysogeny_gene","checkv_provirus","structural","lysis","replication"
"SemiBin_10326","Family_unknown","Temperate",TRUE,FALSE,FALSE,FALSE,TRUE
"SemiBin_1078","Deejayvirinae","Virulent",FALSE,FALSE,TRUE,TRUE,TRUE
"SemiBin_109","Arenaviridae_like","Temperate",TRUE,FALSE,TRUE,FALSE,TRUE
"SemiBin_12234","Family_unknown","Virulent",FALSE,FALSE,FALSE,FALSE,FALSE
"SemiBin_14189","Family_unknown","Temperate",TRUE,FALSE,TRUE,FALSE,FALSE
"SemiBin_1503","Bronfenbrennervirinae","Temperate",TRUE,FALSE,TRUE,FALSE,TRUE
"SemiBin_1938","Family_unknown","Virulent",FALSE,FALSE,TRUE,FALSE,FALSE
"SemiBin_20296","Family_unknown","Virulent",FALSE,FALSE,FALSE,FALSE,FALSE
"SemiBin_2254","Family_unknown","Temperate",TRUE,FALSE,FALSE,FALSE,TRUE
"SemiBin_2636","Peduoviridae","Temperate",TRUE,FALSE,FALSE,FALSE,FALSE
"SemiBin_2756","Queuovirinae","Temperate",TRUE,FALSE,TRUE,FALSE,TRUE
"SemiBin_279","Demerecviridae","Virulent",FALSE,FALSE,TRUE,TRUE,TRUE
"SemiBin_2924","Family_unknown","Temperate",TRUE,FALSE,FALSE,FALSE,TRUE
"SemiBin_2970","Zobellviridae","Virulent",FALSE,FALSE,TRUE,TRUE,TRUE
"SemiBin_32124","Queuovirinae","Temperate",TRUE,FALSE,TRUE,TRUE,FALSE
"SemiBin_32143","Family_unknown","Virulent",FALSE,FALSE,TRUE,FALSE,FALSE
"SemiBin_4559","Fiersviridae","Virulent",FALSE,FALSE,FALSE,FALSE,TRUE
"SemiBin_5387","Casadabanvirus_like","Temperate",TRUE,FALSE,FALSE,FALSE,TRUE
"SemiBin_5911","Zobellviridae","Virulent",FALSE,FALSE,TRUE,TRUE,TRUE
"SemiBin_6044","Family_unknown","Virulent",FALSE,FALSE,FALSE,FALSE,TRUE
"SemiBin_6939","Family_unknown","Temperate",TRUE,FALSE,FALSE,FALSE,TRUE
"SemiBin_7118","amily_unknown","Temperate",TRUE,FALSE,TRUE,FALSE,TRUE
"SemiBin_108","Peduoviridae","Temperate",TRUE,FALSE,FALSE,FALSE,TRUE
"SemiBin_1222","Peduoviridae","Temperate",TRUE,FALSE,TRUE,FALSE,TRUE
"SemiBin_1238","Adenoviridae_like","Temperate",TRUE,FALSE,FALSE,FALSE,FALSE
"SemiBin_1239","Peduoviridae","Virulent",FALSE,FALSE,TRUE,FALSE,FALSE
"SemiBin_1246","Peduoviridae","Virulent",FALSE,FALSE,FALSE,FALSE,FALSE
"SemiBin_1317","Peduoviridae","Temperate",TRUE,FALSE,FALSE,TRUE,FALSE
"SemiBin_1403","Peduoviridae","Virulent",FALSE,FALSE,TRUE,FALSE,TRUE
"SemiBin_1436","Peduoviridae","Temperate",TRUE,FALSE,FALSE,FALSE,TRUE
"SemiBin_1478","Peduoviridae","Virulent",FALSE,FALSE,TRUE,FALSE,TRUE
"SemiBin_1494","Peduoviridae","Temperate",TRUE,FALSE,TRUE,FALSE,TRUE
"SemiBin_1558","Peduoviridae","Temperate",TRUE,FALSE,FALSE,FALSE,TRUE
"SemiBin_1643","Peduoviridae","Temperate",TRUE,FALSE,FALSE,FALSE,TRUE
"SemiBin_1668","Family_unknown","Temperate",TRUE,FALSE,FALSE,FALSE,TRUE
"SemiBin_1709","Peduoviridae","Virulent",FALSE,FALSE,FALSE,FALSE,FALSE
"SemiBin_21029","Family_unknown","Virulent",FALSE,FALSE,FALSE,FALSE,FALSE
"SemiBin_2115","Peduoviridae","Temperate",TRUE,FALSE,FALSE,FALSE,TRUE
"SemiBin_2123","Peduoviridae","Temperate",TRUE,FALSE,FALSE,FALSE,TRUE
"SemiBin_2178","Deejayvirinae","Temperate",TRUE,FALSE,FALSE,FALSE,TRUE
"SemiBin_2180","Peduoviridae","Temperate",TRUE,FALSE,TRUE,FALSE,TRUE
"SemiBin_2289","Peduoviridae","Virulent",FALSE,FALSE,FALSE,TRUE,FALSE
"SemiBin_240","Family_unknown","Virulent",FALSE,FALSE,FALSE,FALSE,TRUE
"SemiBin_259","Peduoviridae","Temperate",TRUE,FALSE,FALSE,FALSE,TRUE
"SemiBin_2831","Peduoviridae","Temperate",TRUE,FALSE,FALSE,FALSE,FALSE
"SemiBin_2941","Peduoviridae","Temperate",TRUE,FALSE,FALSE,FALSE,FALSE
"SemiBin_301","Peduoviridae","Temperate",TRUE,FALSE,FALSE,TRUE,TRUE
"SemiBin_3109","Peduoviridae","Temperate",TRUE,FALSE,TRUE,FALSE,TRUE
"SemiBin_3228","Peduoviridae","Virulent",FALSE,FALSE,FALSE,FALSE,FALSE
"SemiBin_3288","Family_unknown","Virulent",FALSE,FALSE,FALSE,FALSE,TRUE
"SemiBin_336","Adenoviridae_like","Temperate",TRUE,FALSE,FALSE,FALSE,TRUE
"SemiBin_3866","Autographiviridae","Temperate",TRUE,FALSE,FALSE,FALSE,TRUE
"SemiBin_3971","Peduoviridae","Virulent",FALSE,FALSE,FALSE,FALSE,FALSE
"SemiBin_4021","Peduoviridae","Temperate",TRUE,FALSE,TRUE,FALSE,FALSE
"SemiBin_4097","Peduoviridae","Virulent",FALSE,FALSE,FALSE,FALSE,TRUE
"SemiBin_4748","Schitoviridae","Temperate",TRUE,FALSE,TRUE,TRUE,TRUE
"SemiBin_4964","Peduoviridae","Temperate",TRUE,FALSE,TRUE,FALSE,TRUE
"SemiBin_4995","Peduoviridae","Temperate",TRUE,FALSE,TRUE,FALSE,TRUE
"SemiBin_5322","Peduoviridae","Temperate",TRUE,FALSE,FALSE,FALSE,FALSE
"SemiBin_540","Peduoviridae","Temperate",TRUE,FALSE,FALSE,FALSE,TRUE
"SemiBin_5993","Peduoviridae","Temperate",TRUE,FALSE,FALSE,FALSE,TRUE
"SemiBin_6168","Peduoviridae","Temperate",TRUE,FALSE,FALSE,TRUE,TRUE
"SemiBin_656","Peduoviridae","Temperate",TRUE,FALSE,FALSE,TRUE,TRUE
"SemiBin_672","Family_unknown","Temperate",TRUE,FALSE,FALSE,FALSE,TRUE
"SemiBin_6772","Peduoviridae","Temperate",TRUE,FALSE,FALSE,FALSE,TRUE
"SemiBin_687","Steigviridae","Virulent",FALSE,FALSE,TRUE,TRUE,TRUE
"SemiBin_754","Adenoviridae_like","Virulent",FALSE,FALSE,FALSE,FALSE,FALSE
"SemiBin_7928","Peduoviridae","Temperate",TRUE,FALSE,FALSE,FALSE,TRUE
"SemiBin_882","Peduoviridae","Temperate",TRUE,FALSE,FALSE,FALSE,FALSE
"SemiBin_926","Inoviridae_like","Temperate",TRUE,FALSE,FALSE,FALSE,TRUE
"SemiBin_10059","Peduoviridae","Virulent",FALSE,FALSE,FALSE,TRUE,FALSE
"SemiBin_1005","Peduoviridae","Temperate",TRUE,FALSE,FALSE,FALSE,TRUE
"SemiBin_10392","Peduoviridae","Virulent",FALSE,FALSE,FALSE,FALSE,FALSE
"SemiBin_10453","Gladiatorvirus","Temperate",TRUE,FALSE,TRUE,TRUE,TRUE
"SemiBin_10920","Peduoviridae","Temperate",TRUE,FALSE,TRUE,FALSE,FALSE
"SemiBin_11521","Peduoviridae","Temperate",TRUE,FALSE,FALSE,TRUE,TRUE
"SemiBin_12011","Mesyanzhinovviridae","Virulent",FALSE,FALSE,TRUE,FALSE,TRUE
"SemiBin_1346","Peduoviridae","Virulent",FALSE,FALSE,FALSE,FALSE,FALSE
"SemiBin_1431","Peduoviridae","Temperate",TRUE,FALSE,TRUE,FALSE,FALSE
"SemiBin_1479","Peduoviridae","Temperate",TRUE,FALSE,FALSE,FALSE,TRUE
"SemiBin_1480","Peduoviridae","Virulent",FALSE,FALSE,FALSE,FALSE,FALSE
"SemiBin_1518","Peduoviridae","Temperate",TRUE,FALSE,FALSE,FALSE,TRUE
"SemiBin_1560","Adenoviridae_like","Temperate",TRUE,FALSE,FALSE,FALSE,FALSE
"SemiBin_1595","Family_unknown","Virulent",FALSE,FALSE,TRUE,FALSE,FALSE
"SemiBin_1699","Adenoviridae_like","Temperate",TRUE,FALSE,FALSE,FALSE,TRUE
"SemiBin_1703","Peduoviridae","Temperate",TRUE,FALSE,TRUE,FALSE,TRUE
"SemiBin_1799","Inoviridae_like","Temperate",TRUE,FALSE,FALSE,FALSE,TRUE
"SemiBin_1854","Peduoviridae","Virulent",FALSE,FALSE,FALSE,FALSE,TRUE
"SemiBin_1908","Family_unknown","Virulent",FALSE,FALSE,FALSE,FALSE,TRUE
"SemiBin_1997","Peduoviridae","Temperate",TRUE,FALSE,FALSE,FALSE,TRUE
"SemiBin_2006","Peduoviridae","Temperate",TRUE,FALSE,FALSE,FALSE,FALSE
"SemiBin_2031","Peduoviridae","Virulent",FALSE,FALSE,FALSE,FALSE,FALSE
"SemiBin_2089","Peduoviridae","Virulent",FALSE,FALSE,FALSE,FALSE,FALSE
"SemiBin_2265","Family_unknown","Temperate",TRUE,FALSE,FALSE,FALSE,TRUE
"SemiBin_2297","Family_unknown","Temperate",TRUE,FALSE,TRUE,FALSE,FALSE
"SemiBin_237","Peduoviridae","Virulent",FALSE,FALSE,TRUE,FALSE,TRUE
"SemiBin_2469","Peduoviridae","Virulent",FALSE,FALSE,FALSE,FALSE,FALSE
"SemiBin_2737","Peduoviridae","Temperate",TRUE,FALSE,FALSE,FALSE,FALSE
"SemiBin_3078","Inoviridae_like","Temperate",TRUE,FALSE,FALSE,FALSE,TRUE
"SemiBin_3136","Peduoviridae","Temperate",TRUE,FALSE,FALSE,FALSE,TRUE
"SemiBin_3186","Family_unknown","Temperate",TRUE,FALSE,FALSE,FALSE,TRUE
"SemiBin_3211","Inoviridae_like","Temperate",TRUE,FALSE,FALSE,FALSE,FALSE
"SemiBin_3525","Peduoviridae","Virulent",FALSE,FALSE,FALSE,FALSE,TRUE
"SemiBin_3999","Peduoviridae","Temperate",TRUE,FALSE,FALSE,FALSE,TRUE
"SemiBin_408","Peduoviridae","Temperate",TRUE,FALSE,FALSE,FALSE,FALSE
"SemiBin_4095","Family_unknown","Temperate",TRUE,FALSE,FALSE,FALSE,TRUE
"SemiBin_4319","Peduoviridae","Virulent",FALSE,FALSE,FALSE,FALSE,FALSE
"SemiBin_4716","Family_unknown","Virulent",FALSE,FALSE,FALSE,FALSE,FALSE
"SemiBin_4842","Peduoviridae","Temperate",TRUE,FALSE,TRUE,FALSE,FALSE
"SemiBin_4884","Guernseyvirinae","Virulent",FALSE,FALSE,FALSE,FALSE,TRUE
"SemiBin_520","Peduoviridae","Virulent",FALSE,FALSE,TRUE,FALSE,TRUE
"SemiBin_548","Peduoviridae","Virulent",FALSE,FALSE,FALSE,FALSE,TRUE
"SemiBin_643","Peduoviridae","Virulent",FALSE,FALSE,TRUE,FALSE,FALSE
"SemiBin_6560","Peduoviridae","Virulent",FALSE,FALSE,FALSE,FALSE,TRUE
"SemiBin_6645","Family_unknown","Virulent",FALSE,FALSE,TRUE,FALSE,FALSE
"SemiBin_6682","Peduoviridae","Temperate",TRUE,FALSE,FALSE,FALSE,TRUE
"SemiBin_7304","Peduoviridae","Virulent",FALSE,FALSE,FALSE,FALSE,FALSE
"SemiBin_756","Peduoviridae","Temperate",TRUE,FALSE,FALSE,TRUE,TRUE
"SemiBin_761","Peduoviridae","Virulent",FALSE,FALSE,FALSE,FALSE,TRUE
"SemiBin_805","Inoviridae_like","Temperate",TRUE,FALSE,TRUE,TRUE,TRUE
"SemiBin_8199","Peduoviridae","Virulent",FALSE,FALSE,FALSE,FALSE,TRUE
"SemiBin_8467","Family_unknown","Temperate",TRUE,FALSE,FALSE,FALSE,FALSE
"SemiBin_8530","Peduoviridae","Virulent",FALSE,FALSE,TRUE,FALSE,FALSE
"SemiBin_8872","Peduoviridae","Virulent",FALSE,FALSE,FALSE,FALSE,TRUE
"SemiBin_904","Family_unknown","Virulent",FALSE,FALSE,FALSE,FALSE,FALSE
"SemiBin_9129","Family_unknown","Virulent",FALSE,FALSE,TRUE,FALSE,FALSE
"SemiBin_9281","Inoviridae_like","Temperate",TRUE,FALSE,FALSE,FALSE,TRUE
"SemiBin_9320","Gracegardnervirinae_like","Temperate",TRUE,FALSE,FALSE,FALSE,TRUE
"SemiBin_974","Peduoviridae","Temperate",TRUE,FALSE,FALSE,FALSE,FALSE
"SemiBin_985","Peduoviridae","Temperate",TRUE,FALSE,FALSE,FALSE,TRUE
"SemiBin_9930","Family_unknown","Virulent",FALSE,FALSE,TRUE,FALSE,FALSE
"SemiBin_15338","Siphoviridae","Temperate",TRUE,TRUE,TRUE,TRUE,TRUE
"SemiBin_2003","Podoviridae","Virulent",FALSE,TRUE,TRUE,FALSE,TRUE
"SemiBin_3662","Myoviridae","Temperate",TRUE,TRUE,TRUE,FALSE,TRUE
"SemiBin_3769","Siphoviridae","Virulent",FALSE,TRUE,TRUE,TRUE,FALSE
"SemiBin_5100","Myoviridae","Virulent",FALSE,TRUE,FALSE,FALSE,TRUE
"SemiBin_6572","Family_unknown","Virulent",FALSE,TRUE,FALSE,FALSE,TRUE
"SemiBin_6819","Siphoviridae","Virulent",FALSE,TRUE,TRUE,FALSE,TRUE
"SemiBin_715","Siphoviridae","Temperate",TRUE,TRUE,TRUE,FALSE,TRUE
"SemiBin_8103","Podoviridae","Virulent",FALSE,TRUE,FALSE,FALSE,FALSE
"SemiBin_843","Herelleviridae","Virulent",FALSE,TRUE,TRUE,FALSE,TRUE
