"Sample","Condition","index","value"
"Unmanip_1","Unmanip","Shannon",4.28736066406602
"Unmanip_3","Unmanip","Shannon",4.44369626606324
"Unmanip_4","Unmanip","Shannon",4.29051643441951
"Unmanip_5","Unmanip","Shannon",3.89533152759312
"Unmanip_7","Unmanip","Shannon",4.25450877505405
"Unmanip_8","Unmanip","Shannon",4.2335586951854
"HMM_1","HMM","Shannon",4.27242092365176
"HMM_2","HMM","Shannon",4.42553634056845
"HMM_3","HMM","Shannon",4.0218011573318
"HMM_5","HMM","Shannon",3.95004586111446
"HMM_6","HMM","Shannon",4.3589796168579
"HMM_7","HMM","Shannon",4.28963068244784
"HMM_8","HMM","Shannon",4.22040595374
"HM_1","HM","Shannon",4.3006953062278
"HM_2","HM","Shannon",4.30871650323992
"HM_3","HM","Shannon",4.3821574146594
"HM_4","HM","Shannon",4.14087637407894
"HM_5","HM","Shannon",4.42925253490001
"HM_6","HM","Shannon",4.14236035374549
"HM_7","HM","Shannon",3.99672142979782
"LM_1","LM","Shannon",3.81608000362448
"LM_2","LM","Shannon",3.92835261663714
"LM_5","LM","Shannon",3.95232454738923
"LM_6","LM","Shannon",3.99619170674258
"LM_7","LM","Shannon",3.91025419858576
"LM_8","LM","Shannon",4.22517508820984
"Unmanip_1","Unmanip","Simpson",0.983721453988559
"Unmanip_3","Unmanip","Simpson",0.985165807900647
"Unmanip_4","Unmanip","Simpson",0.983818117252066
"Unmanip_5","Unmanip","Simpson",0.972450554295792
"Unmanip_7","Unmanip","Simpson",0.981862156703491
"Unmanip_8","Unmanip","Simpson",0.981550981554883
"HMM_1","HMM","Simpson",0.983834345708242
"HMM_2","HMM","Simpson",0.985496103689962
"HMM_3","HMM","Simpson",0.979790468636394
"HMM_5","HMM","Simpson",0.978547319845159
"HMM_6","HMM","Simpson",0.985018488343454
"HMM_7","HMM","Simpson",0.983795091918141
"HMM_8","HMM","Simpson",0.982966881592151
"HM_1","HM","Simpson",0.98382487594518
"HM_2","HM","Simpson",0.983933671648959
"HM_3","HM","Simpson",0.984837632532004
"HM_4","HM","Simpson",0.981523902077838
"HM_5","HM","Simpson",0.985537013688426
"HM_6","HM","Simpson",0.981576406592168
"HM_7","HM","Simpson",0.978952
"LM_1","LM","Simpson",0.974514712521033
"LM_2","LM","Simpson",0.977472540178055
"LM_5","LM","Simpson",0.978077420281528
"LM_6","LM","Simpson",0.97886377419725
"LM_7","LM","Simpson",0.976955201769903
"LM_8","LM","Simpson",0.982480697857722
"Unmanip_1","Unmanip","Observed",84
"Unmanip_3","Unmanip","Observed",100
"Unmanip_4","Unmanip","Observed",83
"Unmanip_5","Unmanip","Observed",60
"Unmanip_7","Unmanip","Observed",83
"Unmanip_8","Unmanip","Observed",81
"HMM_1","HMM","Observed",81
"HMM_2","HMM","Observed",98
"HMM_3","HMM","Observed",62
"HMM_5","HMM","Observed",57
"HMM_6","HMM","Observed",89
"HMM_7","HMM","Observed",84
"HMM_8","HMM","Observed",77
"HM_1","HM","Observed",85
"HM_2","HM","Observed",86
"HM_3","HM","Observed",93
"HM_4","HM","Observed",71
"HM_5","HM","Observed",98
"HM_6","HM","Observed",71
"HM_7","HM","Observed",61
"LM_1","LM","Observed",51
"LM_2","LM","Observed",57
"LM_5","LM","Observed",58
"LM_6","LM","Observed",61
"LM_7","LM","Observed",56
"LM_8","LM","Observed",79
