level,taxon,predictor,estimate,p,FDR,sig
Genome,DNA_Peduoviridae_3109,O2_Cons,-0.115,6.23E-05,0.015,TRUE
Genome,DNA_Myoviridae_3662,O2_Cons,-0.129,9.46E-05,0.015,TRUE
Genome,DNA_Peduoviridae_548,O2_Cons,-0.15,0.000272772,0.016,TRUE
Genome,DNA_Peduoviridae_2089,O2_Cons,-0.138,0.000248934,0.016,TRUE
Genome,DNA_Family_unknown_1595,O2_Cons,-0.129,0.000295104,0.016,TRUE
Genome,DNA_Peduoviridae_3109,Meiofauna,-0.092,0.000167167,0.016,TRUE
Genome,DNA_Adenoviridae_like_754,Meiofauna,2.315,0.000397167,0.019,TRUE
Genome,DNA_Family_unknown_240,O2_Cons,-0.076,0.001617117,0.027,TRUE
Genome,DNA_Peduoviridae_6682,CH4_Flux,-0.094,0.00148499,0.027,TRUE
Genome,DNA_Peduoviridae_2089,Meiofauna,-0.105,0.000947066,0.027,TRUE
Genome,DNA_Family_unknown_1938,O2_Cons,-0.118,0.00169296,0.027,TRUE
Genome,DNA_Peduoviridae_2031,Meiofauna,-0.07,0.001276161,0.027,TRUE
Genome,DNA_Peduoviridae_10920,Meiofauna,-0.101,0.000867709,0.027,TRUE
Genome,DNA_Family_unknown_1595,Meiofauna,-0.092,0.001768778,0.027,TRUE
Genome,DNA_Family_unknown_1595,CH4_Flux,-0.12,0.001187632,0.027,TRUE
Genome,DNA_Peduoviridae_2941,Meiofauna,-0.075,0.001030619,0.027,TRUE
Genome,DNA_Peduoviridae_2941,CH4_Flux,-0.091,0.00130311,0.027,TRUE
Genome,DNA_Peduoviridae_1222,CH4_Flux,-0.102,0.001692191,0.027,TRUE
Genome,DNA_Peduoviridae_540,O2_Cons,0.282,0.001770088,0.027,TRUE
Genome,DNA_Family_unknown_6645,Meiofauna,0.954,0.001403893,0.027,TRUE
Genome,DNA_Siphoviridae_715,Meiofauna,-0.078,0.001611419,0.027,TRUE
Genome,DNA_Siphoviridae_715,O2_Cons,-0.092,0.00181825,0.027,TRUE
Genome,DNA_Family_unknown_240,Meiofauna,-0.062,0.002018857,0.029,TRUE
Genome,DNA_Peduoviridae_548,Meiofauna,-0.106,0.002198043,0.029,TRUE
Genome,DNA_Peduoviridae_10920,O2_Cons,-0.107,0.00214299,0.029,TRUE
Genome,DNA_Family_unknown_240,CH4_Flux,-0.075,0.002581367,0.029,TRUE
Genome,DNA_Peduoviridae_6682,Meiofauna,-0.069,0.002873761,0.029,TRUE
Genome,DNA_Family_unknown_1938,CH4_Flux,-0.12,0.002774921,0.029,TRUE
Genome,DNA_Family_unknown_4095,O2_Cons,-0.08,0.002780155,0.029,TRUE
Genome,DNA_Peduoviridae_974,CH4_Flux,-0.097,0.002803086,0.029,TRUE
Genome,DNA_Peduoviridae_2941,O2_Cons,-0.082,0.002358431,0.029,TRUE
Genome,DNA_Siphoviridae_3769,CH4_Flux,-0.12,0.002647907,0.029,TRUE
Genome,DNA_Peduoviridae_1222,O2_Cons,-0.09,0.003113327,0.030,TRUE
Genome,DNA_Myoviridae_3662,Meiofauna,-0.081,0.003049736,0.030,TRUE
Genome,DNA_Peduoviridae_1436,O2_Cons,-0.079,0.003393661,0.032,TRUE
Genome,DNA_Peduoviridae_974,Meiofauna,-0.074,0.003686981,0.033,TRUE
Genome,DNA_Peduoviridae_6560,Meiofauna,-0.068,0.004009968,0.034,TRUE
Genome,DNA_Family_unknown_4095,CH4_Flux,-0.08,0.00388289,0.034,TRUE
Genome,DNA_Siphoviridae_3769,O2_Cons,-0.107,0.003936485,0.034,TRUE
Genome,DNA_Peduoviridae_10920,CH4_Flux,-0.103,0.004245334,0.035,TRUE
Genome,DNA_Peduoviridae_1436,Meiofauna,-0.064,0.004338036,0.035,TRUE
Genome,DNA_Peduoviridae_1480,CH4_Flux,-0.07,0.005198092,0.036,TRUE
Genome,DNA_Family_unknown_12234,Meiofauna,-0.06,0.005028637,0.036,TRUE
Genome,DNA_Peduoviridae_2031,CH4_Flux,-0.073,0.005622639,0.036,TRUE
Genome,DNA_Peduoviridae_6560,CH4_Flux,-0.083,0.004750335,0.036,TRUE
Genome,DNA_Peduoviridae_1431,Meiofauna,-0.064,0.005769723,0.036,TRUE
Genome,DNA_Peduoviridae_1222,Meiofauna,-0.07,0.005226018,0.036,TRUE
Genome,DNA_Peduoviridae_4097,CH4_Flux,-0.091,0.004765962,0.036,TRUE
Genome,DNA_Peduoviridae_3109,CH4_Flux,-0.076,0.005462655,0.036,TRUE
Genome,DNA_Peduoviridae_882,Meiofauna,-0.072,0.005752498,0.036,TRUE
Genome,DNA_Schitoviridae_4748,Meiofauna,-0.153,0.005500143,0.036,TRUE
Genome,DNA_Peduoviridae_520,O2_Cons,0.446,0.005086341,0.036,TRUE
Genome,DNA_Siphoviridae_715,CH4_Flux,-0.083,0.005400292,0.036,TRUE
Genome,DNA_Podoviridae_8103,O2_Cons,1.737,0.0061343,0.037,TRUE
Genome,DNA_Family_unknown_4095,Meiofauna,-0.059,0.006432455,0.038,TRUE
Genome,DNA_Zobellviridae_5911,Meiofauna,-0.135,0.006550877,0.038,TRUE
Genome,DNA_Family_unknown_4716,CH4_Flux,0.665,0.006450369,0.038,TRUE
Genome,DNA_Peduoviridae_1479,O2_Cons,0.232,0.006681246,0.038,TRUE
Genome,DNA_Peduoviridae_2089,CH4_Flux,-0.099,0.007818004,0.039,TRUE
Genome,DNA_Peduoviridae_1480,O2_Cons,-0.065,0.007093364,0.039,TRUE
Genome,DNA_Peduoviridae_6560,O2_Cons,-0.075,0.007495252,0.039,TRUE
Genome,DNA_Gracegardnervirinae_like_9320,O2_Cons,-0.072,0.008118557,0.039,TRUE
Genome,DNA_Peduoviridae_1494,O2_Cons,-0.069,0.007932308,0.039,TRUE
Genome,DNA_Peduoviridae_1494,CH4_Flux,-0.071,0.008023351,0.039,TRUE
Genome,DNA_Peduoviridae_1558,Meiofauna,-0.215,0.007273417,0.039,TRUE
Genome,DNA_Peduoviridae_1558,O2_Cons,-0.216,0.007668477,0.039,TRUE
Genome,DNA_Family_unknown_6645,CH4_Flux,1.02,0.0079708,0.039,TRUE
Genome,DNA_Peduoviridae_7304,O2_Cons,2.148,0.0073627,0.039,TRUE
Genome,DNA_Peduoviridae_1246,CH4_Flux,0.646,0.008409641,0.040,TRUE
Genome,DNA_Peduoviridae_656,Meiofauna,-0.062,0.008651899,0.040,TRUE
Genome,DNA_Peduoviridae_3971,CH4_Flux,0.588,0.008773386,0.040,TRUE
Genome,DNA_Peduoviridae_1436,CH4_Flux,-0.071,0.009353349,0.041,TRUE
Genome,DNA_Peduoviridae_1431,CH4_Flux,-0.075,0.00915573,0.041,TRUE
Genome,DNA_Family_unknown_10326,Meiofauna,-0.092,0.009281314,0.041,TRUE
Genome,DNA_Adenoviridae_like_1560,O2_Cons,0.411,0.009318252,0.041,TRUE
Genome,DNA_Gracegardnervirinae_like_9320,Meiofauna,-0.058,0.009911069,0.043,TRUE
Genome,DNA_Peduoviridae_3525,CH4_Flux,-0.071,0.01056148,0.045,TRUE
Genome,DNA_Family_unknown_10326,O2_Cons,-0.105,0.010975192,0.046,TRUE
Genome,DNA_Peduoviridae_2031,O2_Cons,-0.064,0.011210962,0.046,TRUE
Genome,DNA_Peduoviridae_4097,Meiofauna,-0.063,0.011280633,0.046,TRUE
Genome,DNA_Peduoviridae_7928,O2_Cons,-0.251,0.011472499,0.046,TRUE
Genome,DNA_Family_unknown_12234,O2_Cons,-0.064,0.012290749,0.049,TRUE
Genome,DNA_Siphoviridae_6819,O2_Cons,2.55,0.012527922,0.049,TRUE
Genome,DNA_Peduoviridae_548,CH4_Flux,-0.099,0.014525798,0.050,TRUE
Genome,DNA_Peduoviridae_2469,Meiofauna,-0.139,0.013613365,0.050,TRUE
Genome,DNA_Podoviridae_8103,Meiofauna,0.873,0.013143767,0.050,TRUE
Genome,DNA_Siphoviridae_3769,Meiofauna,-0.076,0.012924406,0.050,TRUE
Genome,DNA_Adenoviridae_like_336,Meiofauna,-0.006,0.892477672,0.920631542,FALSE
Genome,DNA_Adenoviridae_like_336,O2_Cons,0.036,0.569583321,0.652169136,FALSE
Genome,DNA_Adenoviridae_like_336,CH4_Flux,-0.027,0.646787959,0.719386608,FALSE
Genome,DNA_Family_unknown_9930,Meiofauna,-0.018,0.738920743,0.807140655,FALSE
Genome,DNA_Family_unknown_9930,O2_Cons,-0.013,0.844578511,0.891142462,FALSE
Genome,DNA_Family_unknown_9930,CH4_Flux,-0.061,0.375619006,0.463499679,FALSE
Genome,DNA_Peduoviridae_6682,O2_Cons,-0.063,0.020958129,0.065175661,FALSE
Genome,DNA_Peduoviridae_3525,Meiofauna,-0.041,0.055671504,0.111684551,FALSE
Genome,DNA_Peduoviridae_3525,O2_Cons,-0.063,0.017812976,0.058836801,FALSE
Genome,DNA_Peduoviridae_259,Meiofauna,-0.023,0.439612923,0.522739731,FALSE
Genome,DNA_Peduoviridae_259,O2_Cons,-0.079,0.033120584,0.08395683,FALSE
Genome,DNA_Peduoviridae_259,CH4_Flux,-0.048,0.202253176,0.290073633,FALSE
Genome,DNA_Peduoviridae_2289,Meiofauna,-0.046,0.038466574,0.089209714,FALSE
Genome,DNA_Peduoviridae_2289,O2_Cons,-0.062,0.022282483,0.066796008,FALSE
Genome,DNA_Peduoviridae_2289,CH4_Flux,-0.062,0.02636515,0.071845034,FALSE
Genome,DNA_Family_unknown_1938,Meiofauna,-0.069,0.022282382,0.066796008,FALSE
Genome,DNA_Peduoviridae_1480,Meiofauna,-0.045,0.020725645,0.065175661,FALSE
Genome,DNA_Family_unknown_12234,CH4_Flux,-0.06,0.021127279,0.065175661,FALSE
Genome,DNA_Peduoviridae_974,O2_Cons,-0.067,0.026758353,0.072313896,FALSE
Genome,DNA_Gracegardnervirinae_like_9320,CH4_Flux,-0.067,0.015366601,0.055452774,FALSE
Genome,DNA_Peduoviridae_1239,Meiofauna,-0.042,0.063831148,0.123712191,FALSE
Genome,DNA_Peduoviridae_1239,O2_Cons,-0.024,0.38282218,0.468849637,FALSE
Genome,DNA_Peduoviridae_1239,CH4_Flux,-0.061,0.034660844,0.085473539,FALSE
Genome,DNA_Peduoviridae_656,O2_Cons,-0.064,0.02265264,0.066796008,FALSE
Genome,DNA_Peduoviridae_656,CH4_Flux,-0.065,0.023749731,0.06812423,FALSE
Genome,DNA_Zobellviridae_5911,O2_Cons,-0.116,0.042976557,0.093688894,FALSE
Genome,DNA_Zobellviridae_5911,CH4_Flux,-0.148,0.016580789,0.05707282,FALSE
Genome,DNA_Inoviridae_like_1799,Meiofauna,-0.04,0.130197982,0.211814628,FALSE
Genome,DNA_Inoviridae_like_1799,O2_Cons,-0.045,0.167116343,0.253160097,FALSE
Genome,DNA_Inoviridae_like_1799,CH4_Flux,-0.072,0.035798099,0.086073371,FALSE
Genome,DNA_Peduoviridae_2115,Meiofauna,-0.053,0.025379684,0.070331837,FALSE
Genome,DNA_Peduoviridae_2115,O2_Cons,-0.062,0.031448714,0.080341636,FALSE
Genome,DNA_Peduoviridae_2115,CH4_Flux,-0.068,0.023321202,0.067487018,FALSE
Genome,DNA_Peduoviridae_1494,Meiofauna,-0.042,0.042150816,0.092803898,FALSE
Genome,DNA_Inoviridae_like_926,Meiofauna,-0.032,0.209636166,0.29804794,FALSE
Genome,DNA_Inoviridae_like_926,O2_Cons,-0.035,0.267837215,0.356632061,FALSE
Genome,DNA_Inoviridae_like_926,CH4_Flux,-0.045,0.15776447,0.244497544,FALSE
Genome,DNA_Peduoviridae_1431,O2_Cons,-0.067,0.016325024,0.05707282,FALSE
Genome,DNA_Family_unknown_10326,CH4_Flux,-0.087,0.039489508,0.090301182,FALSE
Genome,DNA_Peduoviridae_4097,O2_Cons,-0.057,0.058554011,0.115363585,FALSE
Genome,DNA_Peduoviridae_2831,Meiofauna,-0.056,0.021055998,0.065175661,FALSE
Genome,DNA_Peduoviridae_2831,O2_Cons,-0.047,0.106851538,0.184870122,FALSE
Genome,DNA_Peduoviridae_2831,CH4_Flux,-0.063,0.035025854,0.085473539,FALSE
Genome,DNA_Peduoviridae_4021,Meiofauna,-0.195,0.017670888,0.058836801,FALSE
Genome,DNA_Peduoviridae_4021,O2_Cons,-0.2,0.015107068,0.055452774,FALSE
Genome,DNA_Peduoviridae_4021,CH4_Flux,0.011,0.890201612,0.920631542,FALSE
Genome,DNA_Peduoviridae_540,Meiofauna,-0.053,0.280691061,0.367143908,FALSE
Genome,DNA_Peduoviridae_540,CH4_Flux,0.07,0.272317925,0.359064361,FALSE
Genome,DNA_Peduoviridae_882,O2_Cons,-0.066,0.029076662,0.076677971,FALSE
Genome,DNA_Peduoviridae_882,CH4_Flux,-0.074,0.018607081,0.060845154,FALSE
Genome,DNA_Peduoviridae_1709,Meiofauna,-0.027,0.350546751,0.437514456,FALSE
Genome,DNA_Peduoviridae_1709,O2_Cons,-0.025,0.476909483,0.560969068,FALSE
Genome,DNA_Peduoviridae_1709,CH4_Flux,-0.039,0.27603734,0.362506868,FALSE
Genome,DNA_Schitoviridae_4748,O2_Cons,-0.137,0.022730649,0.066796008,FALSE
Genome,DNA_Schitoviridae_4748,CH4_Flux,-0.085,0.162775506,0.249894791,FALSE
Genome,DNA_Peduoviridae_2469,O2_Cons,-0.13,0.036283153,0.086602855,FALSE
Genome,DNA_Peduoviridae_2469,CH4_Flux,-0.058,0.346655117,0.434315032,FALSE
Genome,DNA_Peduoviridae_1479,Meiofauna,-0.068,0.168849209,0.254440975,FALSE
Genome,DNA_Peduoviridae_1479,CH4_Flux,0.011,0.867872304,0.909596934,FALSE
Genome,DNA_Peduoviridae_1558,CH4_Flux,-0.056,0.493820054,0.576711278,FALSE
Genome,DNA_Peduoviridae_5993,Meiofauna,-0.005,0.947297671,0.950203492,FALSE
Genome,DNA_Peduoviridae_5993,O2_Cons,-0.044,0.628282861,0.701189405,FALSE
Genome,DNA_Peduoviridae_5993,CH4_Flux,0.018,0.841417869,0.891142462,FALSE
Genome,DNA_Peduoviridae_7928,Meiofauna,-0.192,0.040292482,0.091497512,FALSE
Genome,DNA_Peduoviridae_7928,CH4_Flux,-0.161,0.140267495,0.222657625,FALSE
Genome,DNA_Peduoviridae_520,Meiofauna,0.06,0.467533429,0.551925745,FALSE
Genome,DNA_Peduoviridae_520,CH4_Flux,0.203,0.068302968,0.130614447,FALSE
Genome,DNA_Peduoviridae_1854,Meiofauna,0.125,0.226410276,0.311076303,FALSE
Genome,DNA_Peduoviridae_1854,O2_Cons,0.434,0.022878143,0.066796008,FALSE
Genome,DNA_Peduoviridae_1854,CH4_Flux,0.189,0.175441005,0.25958918,FALSE
Genome,DNA_Peduoviridae_756,Meiofauna,0.096,0.261028232,0.351260213,FALSE
Genome,DNA_Peduoviridae_756,O2_Cons,0.376,0.016429663,0.05707282,FALSE
Genome,DNA_Peduoviridae_756,CH4_Flux,0.119,0.305142957,0.392841523,FALSE
Genome,DNA_Family_unknown_32143,Meiofauna,0.147,0.172732357,0.257915438,FALSE
Genome,DNA_Family_unknown_32143,O2_Cons,0.024,0.844813955,0.891142462,FALSE
Genome,DNA_Family_unknown_32143,CH4_Flux,0.179,0.157071401,0.244497544,FALSE
Genome,DNA_Peduoviridae_1518,Meiofauna,-0.022,0.75907397,0.821911219,FALSE
Genome,DNA_Peduoviridae_1518,O2_Cons,0.295,0.01771972,0.058836801,FALSE
Genome,DNA_Peduoviridae_1518,CH4_Flux,0.097,0.294350608,0.383476688,FALSE
Genome,DNA_Adenoviridae_like_1560,Meiofauna,0.009,0.91510731,0.935125282,FALSE
Genome,DNA_Adenoviridae_like_1560,CH4_Flux,0.151,0.174871544,0.25958918,FALSE
Genome,DNA_Family_unknown_6044,Meiofauna,-0.191,0.079861587,0.147540898,FALSE
Genome,DNA_Family_unknown_6044,O2_Cons,-0.233,0.041889169,0.092803898,FALSE
Genome,DNA_Family_unknown_6044,CH4_Flux,-0.13,0.298388108,0.385663681,FALSE
Genome,DNA_Family_unknown_1668,Meiofauna,0.177,0.1211353,0.203866805,FALSE
Genome,DNA_Family_unknown_1668,O2_Cons,0.526,0.015412422,0.055452774,FALSE
Genome,DNA_Family_unknown_1668,CH4_Flux,0.255,0.098347077,0.17477986,FALSE
Genome,DNA_Family_unknown_2254,Meiofauna,0.067,0.57304724,0.652914451,FALSE
Genome,DNA_Family_unknown_2254,O2_Cons,0.264,0.183899442,0.267267189,FALSE
Genome,DNA_Family_unknown_2254,CH4_Flux,0.032,0.84182407,0.891142462,FALSE
Genome,DNA_Family_unknown_672,Meiofauna,-0.01,0.923200147,0.937535553,FALSE
Genome,DNA_Family_unknown_672,O2_Cons,-0.039,0.755774815,0.821057689,FALSE
Genome,DNA_Family_unknown_672,CH4_Flux,0.051,0.68609163,0.757945821,FALSE
Genome,DNA_Arenaviridae_like_109,Meiofauna,0.284,0.054009951,0.109123756,FALSE
Genome,DNA_Arenaviridae_like_109,O2_Cons,0.567,0.03363306,0.084600082,FALSE
Genome,DNA_Arenaviridae_like_109,CH4_Flux,0.399,0.039106079,0.090054139,FALSE
Genome,DNA_Peduoviridae_1703,Meiofauna,0.32,0.029051842,0.076677971,FALSE
Genome,DNA_Peduoviridae_1703,O2_Cons,0.552,0.034355987,0.085473539,FALSE
Genome,DNA_Peduoviridae_1703,CH4_Flux,0.384,0.044788611,0.095761912,FALSE
Genome,DNA_Peduoviridae_4319,Meiofauna,0.241,0.1035675,0.182078347,FALSE
Genome,DNA_Peduoviridae_4319,O2_Cons,-0.018,0.908229026,0.93100593,FALSE
Genome,DNA_Peduoviridae_4319,CH4_Flux,0.227,0.178443936,0.261664427,FALSE
Genome,DNA_Peduoviridae_2180,Meiofauna,0.16,0.317499263,0.405555699,FALSE
Genome,DNA_Peduoviridae_2180,O2_Cons,-0.132,0.397331265,0.48121231,FALSE
Genome,DNA_Peduoviridae_2180,CH4_Flux,0.155,0.39117532,0.477292275,FALSE
Genome,DNA_Adenoviridae_like_1699,Meiofauna,0.081,0.617955789,0.694946263,FALSE
Genome,DNA_Adenoviridae_like_1699,O2_Cons,0.146,0.522420618,0.60578561,FALSE
Genome,DNA_Adenoviridae_like_1699,CH4_Flux,0.104,0.609870271,0.69245687,FALSE
Genome,DNA_Peduoviridae_4995,Meiofauna,0.187,0.238588532,0.326437029,FALSE
Genome,DNA_Peduoviridae_4995,O2_Cons,0.603,0.041848531,0.092803898,FALSE
Genome,DNA_Peduoviridae_4995,CH4_Flux,0.423,0.040985583,0.092429557,FALSE
Genome,DNA_Family_unknown_9129,Meiofauna,0.196,0.214420377,0.301937944,FALSE
Genome,DNA_Family_unknown_9129,O2_Cons,0.609,0.047520999,0.098976859,FALSE
Genome,DNA_Family_unknown_9129,CH4_Flux,0.264,0.22509717,0.311076303,FALSE
Genome,DNA_Peduoviridae_3971,Meiofauna,0.235,0.167225018,0.253160097,FALSE
Genome,DNA_Peduoviridae_3971,O2_Cons,0.798,0.016386047,0.05707282,FALSE
Genome,DNA_Peduoviridae_643,Meiofauna,0.214,0.215142327,0.301937944,FALSE
Genome,DNA_Peduoviridae_643,O2_Cons,-0.109,0.501131116,0.583166815,FALSE
Genome,DNA_Peduoviridae_643,CH4_Flux,0.239,0.210837933,0.298458892,FALSE
Genome,DNA_Peduoviridae_2123,Meiofauna,0.227,0.203922416,0.291190524,FALSE
Genome,DNA_Peduoviridae_2123,O2_Cons,0.574,0.07761673,0.144208356,FALSE
Genome,DNA_Peduoviridae_2123,CH4_Flux,0.41,0.076598576,0.14312991,FALSE
Genome,DNA_Autographiviridae_3866,Meiofauna,-0.237,0.362487395,0.450697255,FALSE
Genome,DNA_Autographiviridae_3866,O2_Cons,-0.333,0.138025781,0.220167954,FALSE
Genome,DNA_Autographiviridae_3866,CH4_Flux,0.021,0.93471151,0.943366246,FALSE
Genome,DNA_Family_unknown_4716,Meiofauna,0.364,0.050034116,0.10355162,FALSE
Genome,DNA_Family_unknown_4716,O2_Cons,0.825,0.019450591,0.062973696,FALSE
Genome,DNA_Peduoviridae_1246,Meiofauna,0.364,0.050543026,0.103946977,FALSE
Genome,DNA_Peduoviridae_1246,O2_Cons,0.827,0.019898972,0.063793763,FALSE
Genome,DNA_Family_unknown_3186,Meiofauna,0.265,0.183080872,0.267265381,FALSE
Genome,DNA_Family_unknown_3186,O2_Cons,0.704,0.064055768,0.123712191,FALSE
Genome,DNA_Family_unknown_3186,CH4_Flux,0.467,0.075600117,0.142076082,FALSE
Genome,DNA_Family_unknown_1908,Meiofauna,0.363,0.101722533,0.179801451,FALSE
Genome,DNA_Family_unknown_1908,O2_Cons,0.58,0.122841503,0.203866805,FALSE
Genome,DNA_Family_unknown_1908,CH4_Flux,0.596,0.030922781,0.079620074,FALSE
Genome,DNA_Zobellviridae_2970,Meiofauna,0.022,0.918123779,0.935284972,FALSE
Genome,DNA_Zobellviridae_2970,O2_Cons,-0.26,0.15443234,0.242785457,FALSE
Genome,DNA_Zobellviridae_2970,CH4_Flux,0.178,0.418545366,0.501334559,FALSE
Genome,DNA_Queuovirinae_2756,Meiofauna,-0.022,0.92875545,0.940257066,FALSE
Genome,DNA_Queuovirinae_2756,O2_Cons,-0.397,0.045638943,0.096283447,FALSE
Genome,DNA_Queuovirinae_2756,CH4_Flux,0.076,0.769242392,0.830172482,FALSE
Genome,DNA_Family_unknown_8467,Meiofauna,0.519,0.024892801,0.070171947,FALSE
Genome,DNA_Family_unknown_8467,O2_Cons,0.835,0.059223888,0.115965337,FALSE
Genome,DNA_Family_unknown_8467,CH4_Flux,0.476,0.133140235,0.214467275,FALSE
Genome,DNA_Family_unknown_6645,O2_Cons,1.072,0.036617844,0.086734108,FALSE
Genome,DNA_Family_unknown_904,Meiofauna,0.35,0.295616742,0.383597915,FALSE
Genome,DNA_Family_unknown_904,O2_Cons,1.332,0.03552572,0.08605119,FALSE
Genome,DNA_Family_unknown_904,CH4_Flux,0.911,0.030249272,0.078504064,FALSE
Genome,DNA_Peduoviridae_2006,Meiofauna,0.689,0.027699454,0.074243619,FALSE
Genome,DNA_Peduoviridae_2006,O2_Cons,1.334,0.025734731,0.070716445,FALSE
Genome,DNA_Peduoviridae_2006,CH4_Flux,0.519,0.250534169,0.339936404,FALSE
Genome,DNA_Deejayvirinae_1078,Meiofauna,0.533,0.109173302,0.186909266,FALSE
Genome,DNA_Deejayvirinae_1078,O2_Cons,0.944,0.123442285,0.203866805,FALSE
Genome,DNA_Deejayvirinae_1078,CH4_Flux,0.861,0.042286792,0.092803898,FALSE
Genome,DNA_Peduoviridae_1317,Meiofauna,0.433,0.221030692,0.307857077,FALSE
Genome,DNA_Peduoviridae_1317,O2_Cons,1.615,0.015431812,0.055452774,FALSE
Genome,DNA_Peduoviridae_1317,CH4_Flux,0.737,0.122287982,0.203866805,FALSE
Genome,DNA_Peduoviridae_6168,Meiofauna,0.426,0.225957046,0.311076303,FALSE
Genome,DNA_Peduoviridae_6168,O2_Cons,1.532,0.022028587,0.066796008,FALSE
Genome,DNA_Peduoviridae_6168,CH4_Flux,0.679,0.157515645,0.244497544,FALSE
Genome,DNA_Family_unknown_2924,Meiofauna,2.233,0.094508258,0.170741438,FALSE
Genome,DNA_Family_unknown_2924,O2_Cons,4.402,0.030244227,0.078504064,FALSE
Genome,DNA_Family_unknown_2924,CH4_Flux,2.722,0.088050605,0.160852222,FALSE
Genome,DNA_Family_unknown_6939,Meiofauna,0.718,0.045098882,0.095761912,FALSE
Genome,DNA_Family_unknown_6939,O2_Cons,0.574,0.342244462,0.431931586,FALSE
Genome,DNA_Family_unknown_6939,CH4_Flux,0.46,0.343431842,0.431931586,FALSE
Genome,DNA_Adenoviridae_like_754,O2_Cons,1.93,0.056621167,0.112897084,FALSE
Genome,DNA_Adenoviridae_like_754,CH4_Flux,0.236,0.776549952,0.835302086,FALSE
Genome,DNA_Gladiatorvirus_10453,Meiofauna,0.574,0.153802786,0.242785457,FALSE
Genome,DNA_Gladiatorvirus_10453,O2_Cons,0.876,0.202046412,0.290073633,FALSE
Genome,DNA_Gladiatorvirus_10453,CH4_Flux,1.094,0.024773141,0.070171947,FALSE
Genome,DNA_Family_unknown_21029,Meiofauna,0.229,0.570398694,0.652169136,FALSE
Genome,DNA_Family_unknown_21029,O2_Cons,0.687,0.40928714,0.493863081,FALSE
Genome,DNA_Family_unknown_21029,CH4_Flux,-0.103,0.881982723,0.920631542,FALSE
Genome,DNA_Peduoviridae_7304,Meiofauna,0.402,0.379713637,0.466790824,FALSE
Genome,DNA_Peduoviridae_7304,CH4_Flux,1.006,0.082936875,0.152361562,FALSE
Genome,DNA_Inoviridae_like_3078,Meiofauna,0.527,0.17071699,0.256075485,FALSE
Genome,DNA_Inoviridae_like_3078,O2_Cons,0.965,0.198187259,0.286757672,FALSE
Genome,DNA_Inoviridae_like_3078,CH4_Flux,0.534,0.319509856,0.406535887,FALSE
Genome,DNA_Peduoviridae_1997,Meiofauna,0.387,0.328644531,0.416537836,FALSE
Genome,DNA_Peduoviridae_1997,O2_Cons,0.933,0.246941717,0.33645809,FALSE
Genome,DNA_Peduoviridae_1997,CH4_Flux,0.115,0.858997428,0.903190221,FALSE
Genome,DNA_Demerecviridae_279,Meiofauna,0.1,0.817686554,0.876618996,FALSE
Genome,DNA_Demerecviridae_279,O2_Cons,-0.471,0.064315206,0.123712191,FALSE
Genome,DNA_Demerecviridae_279,CH4_Flux,0.57,0.126661159,0.207090995,FALSE
Genome,DNA_Peduoviridae_6772,Meiofauna,-0.031,0.945433499,0.950203492,FALSE
Genome,DNA_Peduoviridae_6772,O2_Cons,0.018,0.979162122,0.979162122,FALSE
Genome,DNA_Peduoviridae_6772,CH4_Flux,-0.295,0.666105723,0.738361259,FALSE
Genome,DNA_Peduoviridae_1643,Meiofauna,0.766,0.097087851,0.174438061,FALSE
Genome,DNA_Peduoviridae_1643,O2_Cons,1.84,0.025258789,0.070331837,FALSE
Genome,DNA_Peduoviridae_1643,CH4_Flux,0.879,0.160698305,0.247869556,FALSE
Genome,DNA_Inoviridae_like_3211,Meiofauna,0.644,0.178092289,0.261664427,FALSE
Genome,DNA_Inoviridae_like_3211,O2_Cons,1.571,0.072569714,0.137359041,FALSE
Genome,DNA_Inoviridae_like_3211,CH4_Flux,0.931,0.137372357,0.220167954,FALSE
Genome,DNA_Casadabanvirus_like_5387,Meiofauna,1.297,0.043969979,0.095219756,FALSE
Genome,DNA_Casadabanvirus_like_5387,O2_Cons,2.486,0.017543327,0.058836801,FALSE
Genome,DNA_Casadabanvirus_like_5387,CH4_Flux,1.561,0.05406131,0.109123756,FALSE
Genome,DNA_Peduoviridae_761,Meiofauna,0.331,0.613382054,0.694034366,FALSE
Genome,DNA_Peduoviridae_761,O2_Cons,0.413,0.618438417,0.694946263,FALSE
Genome,DNA_Peduoviridae_761,CH4_Flux,1.005,0.123118644,0.203866805,FALSE
Genome,DNA_Family_unknown_2265,Meiofauna,0.309,0.553483397,0.63728546,FALSE
Genome,DNA_Family_unknown_2265,O2_Cons,1.493,0.124747084,0.204986414,FALSE
Genome,DNA_Family_unknown_2265,CH4_Flux,0.286,0.728376002,0.801949336,FALSE
Genome,DNA_Peduoviridae_8530,Meiofauna,0.31,0.62076238,0.695168829,FALSE
Genome,DNA_Peduoviridae_8530,O2_Cons,1.003,0.313547182,0.402078151,FALSE
Genome,DNA_Peduoviridae_8530,CH4_Flux,1.388,0.034961016,0.085473539,FALSE
Genome,DNA_Peduoviridae_10392,Meiofauna,0.521,0.528296513,0.610434486,FALSE
Genome,DNA_Peduoviridae_10392,O2_Cons,1.085,0.375160994,0.463499679,FALSE
Genome,DNA_Peduoviridae_10392,CH4_Flux,1.708,0.053290305,0.108912061,FALSE
Genome,DNA_Peduoviridae_2737,Meiofauna,0.773,0.258889107,0.349821231,FALSE
Genome,DNA_Peduoviridae_2737,O2_Cons,2.339,0.037133869,0.086734108,FALSE
Genome,DNA_Peduoviridae_2737,CH4_Flux,1.356,0.104986379,0.183169628,FALSE
Genome,DNA_Inoviridae_like_9281,Meiofauna,0.766,0.264853627,0.354947278,FALSE
Genome,DNA_Inoviridae_like_9281,O2_Cons,2.246,0.047144978,0.098823127,FALSE
Genome,DNA_Inoviridae_like_9281,CH4_Flux,1.378,0.097973324,0.17477986,FALSE
Genome,DNA_Peduoviridae_985,Meiofauna,0.133,0.820322363,0.876618996,FALSE
Genome,DNA_Peduoviridae_985,O2_Cons,0.923,0.421852992,0.503452293,FALSE
Genome,DNA_Peduoviridae_985,CH4_Flux,0.276,0.740496014,0.807140655,FALSE
Genome,DNA_Peduoviridae_1005,Meiofauna,0.209,0.731294234,0.802460451,FALSE
Genome,DNA_Peduoviridae_1005,O2_Cons,0.944,0.412454034,0.495854666,FALSE
Genome,DNA_Peduoviridae_1005,CH4_Flux,0.644,0.393314052,0.478117826,FALSE
Genome,DNA_Peduoviridae_2636,Meiofauna,-0.091,0.886480994,0.920631542,FALSE
Genome,DNA_Peduoviridae_2636,O2_Cons,1.839,0.090862927,0.165067651,FALSE
Genome,DNA_Peduoviridae_2636,CH4_Flux,0.888,0.221242854,0.307857077,FALSE
Genome,DNA_Herelleviridae_843,Meiofauna,0.023,0.906838375,0.93100593,FALSE
Genome,DNA_Herelleviridae_843,O2_Cons,-0.259,0.12310574,0.203866805,FALSE
Genome,DNA_Herelleviridae_843,CH4_Flux,0.223,0.269170319,0.356632061,FALSE
Genome,DNA_Myoviridae_3662,CH4_Flux,-0.033,0.269382627,0.356632061,FALSE
Genome,DNA_Siphoviridae_6819,Meiofauna,1.312,0.037118346,0.086734108,FALSE
Genome,DNA_Siphoviridae_6819,CH4_Flux,1.506,0.058563777,0.115363585,FALSE
Genome,DNA_Podoviridae_8103,CH4_Flux,0.939,0.04484282,0.095761912,FALSE
Genome,DNA_Family_unknown_6572,Meiofauna,0.133,0.117289293,0.199758327,FALSE
Genome,DNA_Family_unknown_6572,O2_Cons,-0.149,0.107707775,0.185370749,FALSE
Genome,DNA_Family_unknown_6572,CH4_Flux,-0.079,0.467318962,0.551925745,FALSE
Genome,DNA_Podoviridae_2003,Meiofauna,-0.086,0.888522628,0.920631542,FALSE
Genome,DNA_Podoviridae_2003,O2_Cons,0.641,0.483229908,0.566366236,FALSE
Genome,DNA_Podoviridae_2003,CH4_Flux,1.02,0.072670074,0.137359041,FALSE
Genome,DNA_Myoviridae_5100,Meiofauna,0.29,0.166287396,0.253160097,FALSE
Genome,DNA_Myoviridae_5100,O2_Cons,0.559,0.132297879,0.214165379,FALSE
Genome,DNA_Myoviridae_5100,CH4_Flux,0.437,0.105308533,0.183169628,FALSE
Family,Adenoviridae,Meiofauna,0.07,0.079333543,0.171360454,FALSE
Family,Adenoviridae,O2_Cons,0.093,0.091544014,0.190129874,FALSE
Family,Adenoviridae,CH4_Flux,-0.013,0.790580171,0.900828132,FALSE
Family,Arenaviridae,Meiofauna,0.284,0.054009951,0.149097271,FALSE
Family,Arenaviridae,O2_Cons,0.567,0.03363306,0.129727518,FALSE
Family,Arenaviridae,CH4_Flux,0.399,0.039106079,0.139669345,FALSE
Family,Autographiviridae,Meiofauna,-0.237,0.362487395,0.434984874,FALSE
Family,Autographiviridae,O2_Cons,-0.333,0.138025781,0.219217417,FALSE
Family,Autographiviridae,CH4_Flux,0.021,0.93471151,0.938013524,FALSE
Family,Casadabanvirus,Meiofauna,1.297,0.043969979,0.139669345,FALSE
Family,Casadabanvirus,O2_Cons,2.486,0.017543327,0.109919013,FALSE
Family,Casadabanvirus,CH4_Flux,1.561,0.05406131,0.149097271,FALSE
Family,Deejayvirinae,Meiofauna,0.533,0.109173302,0.203288217,FALSE
Family,Deejayvirinae,O2_Cons,0.944,0.123442285,0.213740706,FALSE
Family,Deejayvirinae,CH4_Flux,0.861,0.042286792,0.139669345,FALSE
Family,Demerecviridae,Meiofauna,0.1,0.817686554,0.900828132,FALSE
Family,Demerecviridae,O2_Cons,-0.471,0.064315206,0.15100092,FALSE
Family,Demerecviridae,CH4_Flux,0.57,0.126661159,0.213740706,FALSE
Family,Family,Meiofauna,0.047,0.007646647,0.107039541,FALSE
Family,Family,O2_Cons,0.041,0.058289104,0.149097271,FALSE
Family,Family,CH4_Flux,0.019,0.346424738,0.425157633,FALSE
Family,Gladiatorvirus,Meiofauna,0.574,0.153802786,0.237295727,FALSE
Family,Gladiatorvirus,O2_Cons,0.876,0.202046412,0.287118585,FALSE
Family,Gladiatorvirus,CH4_Flux,1.094,0.024773141,0.109919013,FALSE
Family,Gracegardnervirinae,Meiofauna,-0.058,0.009911069,0.107039541,FALSE
Family,Gracegardnervirinae,O2_Cons,-0.072,0.008118557,0.107039541,FALSE
Family,Gracegardnervirinae,CH4_Flux,-0.067,0.015366601,0.109919013,FALSE
Family,Herelleviridae,Meiofauna,0.023,0.906838375,0.938013524,FALSE
Family,Herelleviridae,O2_Cons,-0.259,0.12310574,0.213740706,FALSE
Family,Herelleviridae,CH4_Flux,0.223,0.269170319,0.354517006,FALSE
Family,Inoviridae,Meiofauna,0.035,0.318593621,0.400094315,FALSE
Family,Inoviridae,O2_Cons,0.065,0.177968779,0.259738218,FALSE
Family,Inoviridae,CH4_Flux,0.009,0.834100122,0.900828132,FALSE
Family,Myoviridae,Meiofauna,0.009,0.820960864,0.900828132,FALSE
Family,Myoviridae,O2_Cons,-0.006,0.903790549,0.938013524,FALSE
Family,Myoviridae,CH4_Flux,0.061,0.210025084,0.290803963,FALSE
Family,Peduoviridae,Meiofauna,-0.057,0.007762205,0.107039541,FALSE
Family,Peduoviridae,O2_Cons,-0.029,0.240879211,0.325186934,FALSE
Family,Peduoviridae,CH4_Flux,-0.041,0.100057548,0.200115097,FALSE
Family,Podoviridae,Meiofauna,0.636,0.057822844,0.149097271,FALSE
Family,Podoviridae,O2_Cons,1.435,0.021973016,0.109919013,FALSE
Family,Podoviridae,CH4_Flux,0.971,0.026461985,0.109919013,FALSE
Family,Queuovirinae,Meiofauna,-0.022,0.938013524,0.938013524,FALSE
Family,Queuovirinae,O2_Cons,-0.229,0.302517947,0.388951646,FALSE
Family,Queuovirinae,CH4_Flux,0.414,0.107545669,0.203288217,FALSE
Family,Schitoviridae,Meiofauna,-0.153,0.005500143,0.107039541,FALSE
Family,Schitoviridae,O2_Cons,-0.137,0.022730649,0.109919013,FALSE
Family,Schitoviridae,CH4_Flux,-0.085,0.162775506,0.244163259,FALSE
Family,Siphoviridae,Meiofauna,-0.048,0.073680103,0.165780232,FALSE
Family,Siphoviridae,O2_Cons,-0.062,0.060743333,0.149097271,FALSE
Family,Siphoviridae,CH4_Flux,-0.087,0.013891633,0.109919013,FALSE
Family,Zobellviridae,Meiofauna,-0.1,0.134444997,0.219217417,FALSE
Family,Zobellviridae,O2_Cons,-0.173,0.019508514,0.109919013,FALSE
Family,Zobellviridae,CH4_Flux,-0.068,0.376711723,0.442226806,FALSE
